pca_feat0,pca_feat1,pca_feat2,pca_feat3,pca_feat4,pca_feat5,pca_feat6,pca_feat7,pca_feat8,pca_feat9,pca_feat10,pca_feat11,pca_feat12,pca_feat13,pca_feat14,pca_feat15,pca_feat16,pca_feat17,pca_feat18,pca_feat19,pca_feat20,pca_feat21,pca_feat22,pca_feat23,pca_feat24,pca_feat25,pca_feat26,pca_feat27,pca_feat28,pca_feat29,pca_feat30,pca_feat31,pca_feat32,pca_feat33,pca_feat34,pca_feat35,pca_feat36,pca_feat37,pca_feat38,pca_feat39,pca_feat40,pca_feat41,pca_feat42,pca_feat43,pca_feat44,pca_feat45,pca_feat46,pca_feat47,pca_feat48,pca_feat49,Label
-10.174627,11.345902,-2.0398123,4.135647,6.877984,0.1697897,3.426142,5.8645754,-0.13683155,4.600183,-8.432432,0.3474103,-2.958773,-2.401285,-1.3742831,-1.6767116,1.6362538,2.359382,-1.6247764,-2.674794,-1.2570001,-6.042844,-1.6254966,7.432335,-1.6012743,0.6772156,2.6451547,-0.08837521,-0.6105371,6.618946,-2.2508492,2.5248554,0.26610523,2.1264446,0.47855937,0.23748079,-1.8951929,-2.0009015,-0.43349606,-2.2144256,-1.2614563,-1.600625,-3.8888764,-0.00059463433,-0.9055599,1.1212865,0.37295723,4.919661,2.336452,2.170855,0
-3.2320294,10.940045,3.2278953,-5.0007625,-1.3299643,-2.8781698,0.89942664,8.928363,-5.631013,10.936298,-11.6521015,-0.26011086,6.4894013,6.648299,0.7546886,7.6684427,-1.1629604,-1.4323957,-2.314429,-5.0124583,-5.4544544,-1.6257976,-8.088484,4.0942216,-3.1137812,3.0089517,-1.7550801,5.176421,-6.5589633,-1.7701068,2.4351215,0.5771824,-8.423651,3.8929949,-1.1009603,5.5446434,1.631569,-3.2531247,-0.18673939,-3.8760939,-1.3897915,-2.2877252,-2.1490328,-4.042059,2.7887275,-3.6077762,-1.998802,0.02918073,-4.2723126,-2.1755342,0
6.755444,17.877312,2.15421,-0.77963346,0.5908787,7.763549,1.4164177,2.009711,-9.98828,9.667874,-5.210472,4.6196623,-1.7503573,5.6964693,4.9241295,-14.155265,-0.6851254,0.4185289,-3.6179445,-3.056534,-0.38219818,-5.391338,8.546916,-2.4784348,2.7941866,0.30097905,10.926417,-4.544015,6.351421,2.546147,2.2243443,-3.5374863,-2.2317848,15.000689,1.4086819,-2.5471873,1.3836029,-5.869582,-7.5470715,-1.2527944,-3.2637196,-0.7642621,-2.9994273,-1.9279648,-4.3176937,-4.001715,1.6155558,-7.3036356,-0.4575485,-2.6353142,0
-17.15862,-1.2637678,-4.0756288,-11.404782,9.950388,2.7297134,3.0573902,7.498313,1.5106725,-8.3279505,1.109352,-9.502876,0.6102724,5.0934014,1.3144703,3.3527918,-0.31046674,-1.8200705,-1.6252651,0.023894787,-0.98241013,1.4212824,0.57052094,-0.49725962,1.7437924,5.0157914,-2.522571,-1.2103808,-5.330887,2.5308528,1.8022934,3.0472689,-4.215468,3.1038792,6.8996644,-1.4736416,-0.6801222,0.04872219,-1.9250746,2.1026356,-3.507025,-0.99927294,-3.0933197,2.7380998,0.28259355,-1.4416364,-0.8718471,0.80091065,-0.7996151,-1.1619654,0
0.58232915,-7.8717594,9.705511,0.29098988,8.904751,3.1797678,4.1362844,-0.26444975,-4.906716,-1.8927907,0.15885718,4.5181737,0.057239987,2.3336606,4.8351192,-3.8539982,5.8275423,5.4539857,2.8657923,1.9310089,0.2966247,3.8000104,-7.0711355,-0.9597341,4.740999,1.6921577,0.952324,-3.8128245,-1.524372,-1.6973621,-1.6400443,-5.5794945,-3.9463708,-3.39537,-2.5763607,-2.770383,2.864022,-4.5082355,-0.9316168,1.5622941,2.8398569,0.40131006,-0.13835827,6.1858807,0.258577,-0.5314389,-1.4262915,-0.83490884,-1.9399933,0.3482536,0
5.6712675,-0.95704305,2.6227834,-6.9530344,2.394893,6.6236334,-1.2101789,-1.6124895,-15.164811,-8.049149,-8.167385,-8.53347,-0.46361896,7.183519,-9.626183,-2.702405,-1.2035192,3.128626,9.7808275,3.7899754,-7.832355,-6.332363,-7.180264,-0.1799231,-4.9529886,-5.0552497,-5.1858625,5.8500443,0.5406284,2.2061894,4.9974356,-1.4692373,-4.434048,-0.25181463,-6.6447787,4.892359,0.908396,3.4619083,4.0308795,-4.1502666,1.2942066,-1.4503784,1.2681959,-0.13370132,-1.0151885,-2.65072,-4.6651573,0.72594005,-4.141403,-0.67401195,0
2.276923,-8.620887,-2.0131617,-0.91632944,-17.496632,4.8969393,7.230083,-7.126069,-3.6445897,-2.2233899,0.1185029,-6.947033,-9.499883,6.683967,1.3195256,-1.042993,2.5862768,-0.63154,3.867754,-0.47278622,-2.767788,7.050708,2.2749028,3.5265262,-1.6801988,4.3313413,4.856392,-11.256158,-6.302951,-0.55469865,-2.9545805,4.7856894,0.833833,-4.3462324,2.7298946,-0.7804374,3.3999135,2.8600082,-1.3540845,-4.0489526,1.2988032,6.2749414,3.0888357,3.4774244,7.0526195,-2.5423033,-3.00547,1.7859739,2.5166857,-0.5728691,0
-6.051937,4.8630342,-1.836479,5.0514402,5.445641,0.4077211,16.195366,1.1232678,1.8867946,1.6705332,-3.727011,2.9544685,-1.732458,0.25472775,0.66199493,-0.81288314,-0.4239969,-2.2206883,-1.1706256,4.414974,0.2955783,-5.70576,0.90845543,-1.669018,-1.6596651,-1.7036526,-0.5159632,1.9199895,-1.9955586,0.8109519,1.4697363,2.7492585,-1.3248703,1.7620667,-0.12847804,3.1783168,-4.2544894,1.4785962,-0.24461739,-1.3354504,7.4923086,1.9123712,0.6522204,2.1653745,1.7680913,-1.1977149,-0.6308829,-1.407057,4.0863705,6.9042883,0
-7.3484964,21.414581,-6.46048,-2.4401145,-8.738398,5.0076075,7.309003,-3.3654115,1.5135571,-6.8779287,4.2937603,6.8969803,3.9882083,-1.4331064,-7.1760774,-1.2699156,1.1106951,-1.7244388,3.3142076,-1.4073815,-4.740419,-6.0603213,3.092274,-3.0350876,0.15229501,0.5156699,-1.472598,-3.0293367,-0.10782416,-6.4628873,2.9167366,-4.01728,-3.103047,-4.529214,-0.41058764,1.3115891,1.397247,-1.7984589,-0.16477376,3.6714337,-2.1246035,2.0939128,-4.8261127,0.25010082,2.0411758,-1.9028558,-0.3570589,-1.4321762,-0.93746954,0.8105799,0
-6.083175,-9.524911,7.3522964,4.1098046,3.8747702,6.328634,2.8460653,5.436873,-4.4033504,-9.050652,-2.8912685,-1.4881216,2.3736148,1.9827967,-1.9067253,-2.5218823,5.4699802,5.7484446,-0.24326155,-2.5015192,3.1210291,0.4155469,-3.3678489,1.3714801,2.564432,0.55915195,2.0364835,1.0253962,1.8850003,2.5985944,-0.5105961,0.8697442,-3.2205327,3.0205235,-0.2980249,-2.1599367,-0.9784581,-0.7936803,5.7170863,-4.6179485,3.4394352,-2.7138906,1.9020686,-3.3113725,-0.89171344,1.470681,1.5476866,-3.3785505,2.3642786,1.7491223,0
-2.7189677,-3.623652,-5.739127,-7.8799963,-22.076555,3.8853462,3.3230162,-2.073456,-6.2156644,1.0259367,3.237828,-5.4087224,-8.121512,1.2872963,1.1347208,-4.7931247,-0.08328723,-0.6429221,5.594338,7.799776,0.2446732,3.8407314,6.0219975,-5.074193,-2.7672133,-4.6306524,-2.9532053,-0.7895916,0.59821826,-5.1101875,-2.8115673,3.4233382,-0.8794047,-0.5382547,-7.1500473,2.4720824,2.4840295,2.0005577,-1.5139874,-1.1541396,5.65663,-3.380398,2.3551047,1.4534798,2.379199,-3.3937416,6.602148,-1.443592,0.34181508,-3.2161996,0
-0.81889457,-9.704231,-9.699597,-2.7088854,-9.942339,7.045172,-2.4023516,0.6675818,-10.583497,1.894489,-5.866918,0.07648791,-5.8198247,4.639461,5.189653,-1.3223208,1.8684698,2.63322,-3.7446358,9.212425,-4.2074456,-1.42096,6.8366327,-3.4214747,-0.3653335,-2.7765367,-11.552723,2.0018656,6.665741,-5.65497,-2.0123973,-1.1931268,0.31979716,0.96174806,-1.1699251,-3.532066,1.608709,-0.6224161,-2.503781,-1.6066251,0.22986418,-9.0933695,-0.4722973,-2.9099977,-11.176343,1.89432,1.2864186,0.04626493,4.704502,1.7093991,0
1.8339956,-7.1007996,-4.9206176,12.759289,-1.8212575,1.7572538,1.2600169,5.1282516,-2.3028946,-4.435736,-4.2209888,-0.31563184,-0.9538806,-0.85811335,-0.32792574,4.622446,3.4648073,4.932709,-0.5827736,-0.9783023,0.23775215,3.8886304,-0.6964152,5.266426,-1.0529661,0.97207594,3.3272693,2.1712422,1.3008709,-3.6920192,-2.2178538,-1.1340098,-6.414838,0.27701604,-0.092718184,-2.3499677,1.1171858,-1.8030819,3.9470596,3.9223065,-1.0587115,1.1196041,0.35572505,-0.016052896,-0.64528126,0.031075047,-0.38545322,-0.051918086,-2.7373044,1.005177,0
-14.474524,-8.036667,-2.921746,-7.788719,-2.4744918,-0.7512679,2.5130653,6.751856,-2.9528534,5.027562,1.1242735,-3.405072,-2.6385198,1.3225697,-0.17521417,-1.2966064,2.7742543,-9.207724,6.137379,0.20800023,5.5704417,1.2726122,-3.2617679,1.3821576,-3.6996593,0.96157604,1.9044045,-1.2768244,2.7748897,2.248814,-2.9327695,3.494851,4.5143347,4.0400176,-0.74165136,2.7324305,2.2116833,-0.33376423,3.4450488,0.32516754,-3.3434732,4.279186,-4.4112487,-0.9006721,-1.4611493,4.4717193,6.2927413,4.6421347,0.10661273,-3.0532243,0
3.2932756,2.2873216,7.3693476,7.839765,1.2953737,2.7362535,-2.2761683,-4.692806,-10.369695,-4.742641,7.128259,-2.3519778,-4.502858,-0.7722866,3.061934,3.7678757,0.2769867,0.54994637,-4.4225082,-1.3486285,-6.9584093,-4.075333,5.9541183,1.800276,-10.7998495,3.4876332,2.9133933,4.2196293,-1.0505129,-7.2679377,-11.777477,-3.154973,0.5619609,-1.4259864,0.7519168,-4.0783944,-2.119598,-0.4632888,2.5560029,-1.369759,-4.0569487,10.926954,0.19017129,-3.6546886,-2.086493,-3.6390035,-2.2606065,2.048334,-0.37582916,-2.7953146,0
4.3120418,-1.3711876,13.406176,-20.727528,7.0493193,2.5466008,6.610219,-12.358583,12.826863,-5.511572,6.2034006,-10.334519,-13.401239,-0.6012084,-1.4082263,1.6183264,9.836362,12.445625,-10.379688,-3.263282,8.342416,-10.61766,16.760254,7.5346828,2.7508843,-5.230401,2.4542296,-2.870473,-7.1839147,6.713367,5.8552613,2.8143425,-4.7890816,-6.1615915,-4.0637326,-1.0247881,6.348509,-0.642045,-3.5706623,-2.1935802,-5.182301,-4.837778,-2.9278345,-10.800841,-5.3467703,-10.088526,-6.416021,3.5784233,-4.9966297,4.019874,0
-2.836968,3.4746337,4.6288476,-12.807609,3.0422187,18.48555,11.207956,-17.56791,-0.18292585,19.643642,1.5977726,8.981426,10.577098,1.7799813,-7.5680757,0.28486606,0.4751597,-4.6612806,12.509725,-13.8583555,-8.327765,-5.8517733,0.24908091,-7.5052447,3.9617434,9.371661,-4.5614796,-0.83338815,5.0998645,-1.1351231,-0.9867715,-8.984754,-1.3143613,-11.251114,3.002102,-1.2398906,0.13977765,-0.6820709,6.430453,2.4030442,-0.72290725,0.31470013,-3.455687,5.5182633,-7.361772,-0.34257698,-4.3905463,1.9338738,1.5711969,-11.9217615,0
-2.6640067,8.877478,9.80755,-8.511376,-0.71961015,3.322414,11.668195,4.0515666,-3.5148642,-7.3811374,-1.3134172,-5.983586,-3.607107,-5.082536,-0.07683111,0.18615809,-5.5091677,-1.2822596,4.1435294,7.3281837,7.0448947,-0.29409924,8.436291,-8.028928,-0.9888777,0.6534658,5.708326,-2.8816736,3.6183183,-0.66606385,10.537062,0.1530349,-2.2579024,0.7553014,0.42602852,5.5483828,-2.550444,0.06021083,0.00905895,-2.466426,1.0139515,-0.87252426,-1.2314485,3.2789736,3.316165,-0.6469678,1.9195843,-3.0887375,-5.2762012,1.7250679,0
10.301949,6.6653714,-0.6767045,-6.5463095,-2.360727,15.663312,0.5738388,-9.667639,-1.7712817,2.8502066,0.063647136,-11.13542,5.7311044,5.1949077,-7.4163895,-2.7626257,-2.7235985,5.129588,10.041089,-7.4410214,6.443119,2.8788898,1.4619658,-3.4466066,5.9134703,-10.326555,-1.8385152,-3.7561893,-0.5876417,-3.8878033,2.3135023,0.95630664,-7.9961915,2.2888672,5.3901377,3.3922038,-2.023896,-2.515239,2.4039187,-0.66587,-1.5330986,3.472644,-1.8573978,-1.9683678,-5.927786,-0.20783645,-3.020934,-0.67004853,2.3344252,2.091471,0
16.736223,-3.1544251,-3.6686978,4.31829,-0.9389835,15.800441,-4.5969977,-14.098703,6.21352,1.6361454,-3.1846175,6.9117517,-7.6054187,9.091364,3.667679,-9.691972,-9.363862,-3.8515255,-1.1883067,-12.494159,11.647218,5.38338,1.4234374,-6.013207,-5.3425546,-5.7243285,-11.529662,-2.3767178,-4.114067,5.1007876,-0.0027259565,1.9265596,-1.7448246,-0.6893203,2.7061355,10.584659,-0.7917378,-2.9516838,0.19000593,-4.0496483,-0.02701064,0.44360965,10.067157,4.0947466,-1.442607,2.276026,2.2090225,2.9558098,3.1254964,4.632498,0
8.014178,3.7976196,6.1072607,-11.713766,6.217385,25.211664,-4.20772,-5.602808,0.12896721,-2.9328449,-2.64945,-4.851979,-5.8529415,7.316149,-8.932754,-1.678819,2.6705287,2.303262,-7.0182743,0.9196009,3.4965773,-2.4298124,9.974547,3.9220386,-2.2853825,-1.3634312,0.73486257,-1.2446615,6.5510473,-1.9119662,8.825651,2.4391944,2.3482742,3.0919173,0.18818311,-3.4055529,3.7611954,-4.067898,4.641467,1.2762294,0.15573166,2.5663898,-1.653577,5.6486974,-0.87198186,-0.32743454,-3.7031648,1.0717278,-0.28317302,-0.24830931,0
-14.748955,-5.590334,11.450513,2.703887,2.6782355,3.6234937,-7.014258,-1.7328546,-0.489048,8.058127,5.9613724,4.5700254,0.68532324,4.3070836,-3.7724695,-0.1908642,-9.032945,-0.24017759,-5.8492503,2.056261,-1.5619322,2.0102243,-4.904927,2.500549,1.8601296,3.2512062,-6.6167016,-5.992097,5.6388583,-2.6589997,1.3778511,-6.6429777,3.2549117,1.9393014,-0.63503003,6.215703,1.6500877,5.720887,1.713397,-2.5933444,-4.3932195,-3.1876447,3.0404696,-0.43594193,-6.8122334,-0.30618963,1.5706085,1.0020956,1.0975624,7.5402603,0
1.1357931,-0.85620016,3.5828753,-10.119273,6.0525303,6.2367406,-0.754107,-2.8197603,-15.90419,-4.2154665,-3.9340134,-5.2377796,2.6581182,9.328172,-6.880403,-4.3357377,-7.5134063,1.6839664,8.745835,5.0751824,-3.9368815,-7.215323,-5.7874446,2.6282017,-0.20655757,-4.958089,-8.299911,3.6729195,1.625817,4.695846,2.8931682,-2.0684373,-0.57386434,5.1713514,-4.7236953,4.9700894,2.6328213,4.8438306,4.1533885,-2.75635,0.53720003,-5.5791283,2.6035197,-0.31515202,1.0019404,-2.1880615,1.59906,0.46816355,-3.4482608,1.8391148,0
12.470518,2.922627,10.708389,-1.7773091,9.759803,20.974981,-12.693445,-8.646611,9.321236,1.6519399,-13.562011,4.1625533,-7.270011,-8.029929,-1.9962565,-2.6169229,4.6261177,-5.893758,-12.150404,0.63755566,-6.0745726,-1.993707,-1.0367312,-6.4607105,6.129994,3.725287,7.9127507,5.57907,-1.5264848,-4.6013293,1.9405084,0.35738102,1.7613325,2.6155093,-0.2908701,6.1345367,6.0594797,1.4499624,-1.1046864,1.4799916,-3.2303305,-2.4170675,-3.1460416,3.6660445,9.064208,1.7217077,-1.0457901,4.252437,3.143951,0.53056616,0
-1.5829996,-5.0887012,-4.3562303,6.5113745,8.116575,12.337375,-2.4688673,-5.700052,5.5144267,0.1287698,-5.266244,-1.674855,-1.9666005,-1.5436956,1.5721116,-0.7931112,-2.6900158,0.44232187,-6.868412,-3.3043575,2.6640937,1.9794619,-2.4853673,-2.7546377,1.0127381,-1.083429,-1.1465101,-2.2244341,0.8696446,1.0625643,-2.7347121,1.7628542,-2.1931612,-5.8748956,0.9867518,3.7469432,-0.25903022,1.8248177,-1.1264894,0.6150631,0.55354244,-0.06039148,-1.2557713,-2.4915586,1.6777614,-1.3940616,-0.44886422,-0.32158297,-0.91359067,-0.92773235,0
23.181696,0.79995996,1.1331252,-24.227392,-0.6616932,17.605442,-21.005568,-4.437746,-8.339784,10.349373,4.3632183,-2.5050042,15.915495,-10.914338,-8.35737,2.633137,-0.44093212,5.1969547,17.76373,1.7351961,9.247608,-4.1109085,-7.8095903,15.268383,-5.7310243,5.050794,13.056523,6.307415,-4.4883995,-5.860723,-5.396119,4.138315,3.5048454,-3.8191988,12.6104765,6.8157163,-2.5922117,5.9484315,-13.377562,13.250467,4.65398,-8.640329,4.847303,-3.0211005,0.97767407,-2.8184795,7.304934,-0.48703954,5.004475,5.2106395,0
8.1381645,11.883064,0.64209646,-2.13863,-4.179996,0.94470006,-10.661462,-7.0697007,14.979965,5.014112,0.1266247,-6.5375385,-4.4383655,9.646448,2.0258157,4.4073234,5.765782,2.9200804,7.8954973,8.348281,5.119377,8.5899,-5.286974,3.9468453,0.49418113,4.6881213,-4.0935364,2.1470342,-0.7553768,-9.681714,-1.5115023,-1.6977423,0.48374996,1.0163109,-2.7180648,-0.5054818,-5.080577,-0.85780275,7.466353,-3.419217,-4.063638,6.5394855,-6.4656563,-5.002307,3.4037223,-1.0367879,2.0342908,-1.0842521,1.7831278,-2.5233479,0
-8.41405,8.435367,8.675399,3.94669,2.8251798,9.79868,-8.191801,-12.8399105,7.7116456,9.77444,2.1032474,3.4711254,0.6356778,4.7837553,-4.081684,2.810971,5.412249,2.2469325,0.5728784,-3.067581,3.040719,3.478218,1.8287681,4.666348,-2.6761613,-0.42495823,-2.5485156,-6.6236377,1.698444,2.1070652,2.7447445,-1.0517666,4.300414,0.9434133,-0.86114407,5.719039,3.1019974,1.0555203,7.0919037,-2.5490234,1.9313878,-0.44168842,7.2815785,-2.5549445,-5.5362263,-2.1356285,-4.39325,1.5442123,-1.3939991,-0.9407028,0
-6.346779,19.287445,-5.935663,0.18929897,3.0333362,-0.09711097,-2.324468,-9.69454,2.7943847,3.7350912,-5.4872694,2.6275113,0.39926404,-2.622016,5.9898906,-2.2813346,6.603027,0.17446922,8.617455,-3.0364523,1.6341362,0.46281734,-1.0633101,-1.8187547,-0.042024605,-2.0349057,-2.8704624,0.17152815,-0.28629512,-3.2761335,4.4785905,-1.1745505,-2.7656927,-0.7184309,-0.93260473,4.0979896,5.16789,-3.3257205,-5.702432,-2.0001776,-1.5203028,0.9388737,1.7977653,-1.3549781,-2.113218,-2.0926728,1.6801009,1.4338096,2.059834,-1.4544066,0
-10.784695,12.138914,-11.191185,0.83899486,-2.700892,-0.96048605,-7.7898088,-7.291831,2.0086918,3.3302774,-3.1372569,-4.1383796,-2.3449192,-0.03874443,0.78544825,-0.76078165,5.1476603,2.4793117,2.8388326,-1.7571546,-3.8981843,4.365302,-0.2641918,-3.8217943,0.87271786,0.23861645,1.9049759,0.0033075628,1.0810754,-1.5842128,1.7742383,1.24854,2.6054702,0.3274557,-0.7394403,0.31466717,-0.56895554,1.8620441,-1.0404879,-0.09195334,1.910987,-2.2716703,2.7610326,-1.8074012,-0.98685217,-0.01909401,0.85610497,-1.3768419,-2.7343132,0.27772763,0
0.36910114,-1.2143519,-7.0694346,3.3474874,9.0472765,1.105309,-0.8338633,-3.8243816,-2.2089918,5.7863903,3.2226105,-0.8579375,-2.357273,-3.7636166,-1.0469135,-1.5545974,-4.145334,5.025881,0.8463571,-9.02384,-1.251488,-2.193942,1.6964592,-1.0262309,0.1242846,-0.28164008,-2.8146105,0.6267217,-0.45482802,0.9726462,-2.8624585,2.781157,-0.54510367,-4.020459,-0.5376298,-1.0177867,-3.6573718,4.8736405,-1.1676612,1.4565322,0.51940775,1.5383289,0.31164598,1.5478425,-1.8291157,-0.27357084,-0.8535084,-0.42674997,1.6268057,-4.181118,0
-13.515882,14.73452,-3.9352837,6.146331,7.818207,-3.6022289,-5.1427255,-1.5061647,0.8738749,3.254503,-5.337122,-5.5291944,3.1256068,1.6880571,1.9496106,-4.4603033,-0.76023304,-0.51133776,0.37102008,-1.8382277,-3.1716912,-1.522049,1.0887642,-0.8569005,-1.7628752,2.9710178,-1.7588396,-1.4374309,-0.72865117,0.86131054,-1.8808789,1.0566716,3.2310574,0.30872425,-3.218051,2.354613,0.45292446,2.380852,-2.2975905,1.4334306,2.4975228,2.2700617,1.3929708,1.9645661,-1.1203308,-0.7984066,-5.510416,-1.2053279,-2.6826684,-2.7780108,0
-6.6426063,-8.183092,-4.7754874,-14.114216,-10.981161,9.15947,-6.0495768,5.579036,4.359428,-0.7023102,0.20269237,-1.20842,3.2672672,2.2927015,8.919086,15.385622,-0.29712698,6.3568773,2.266672,2.7400305,-3.2872941,-4.6196494,0.29933316,-2.3282144,-0.032727435,-6.451571,-0.8816497,-10.298879,6.3747606,4.922819,2.8760822,-3.920289,6.3724937,1.1669499,-3.837618,0.13224947,0.37319538,2.1504896,-2.8338153,0.67501336,-7.5984364,-6.676362,7.4559875,0.81764716,3.7085788,-0.17379084,-3.3566694,-0.5522184,2.9037855,-3.4156473,0
-6.868353,-14.443414,-1.8472071,-0.0972544,-0.7773732,1.9216002,14.64518,-0.2409236,-1.5268128,3.1944313,-5.643907,1.9352638,-0.5077893,-8.174481,3.6188543,-1.4366572,3.0457778,-7.1430235,1.3816245,-1.3053732,-0.47688672,-0.5027928,1.872757,-1.512507,8.087448,-1.0528593,0.29765755,1.0293834,-1.9303575,0.060205203,-1.5387387,1.9341855,1.2994927,1.6349965,-2.7442408,7.793266,-3.5867705,3.5862029,-1.2656592,5.176302,2.5446968,1.4421804,1.3883551,2.8753388,2.8809686,-2.1977022,-4.1250234,-0.7765026,1.9494755,-0.35966823,0
-12.648775,22.551939,-9.568093,3.6028087,-4.0426216,2.3054292,-1.0569224,-4.548821,3.690325,-6.4327655,1.4378588,3.0430472,1.0863215,-6.5180373,-0.27115703,-7.866716,1.9007272,-4.7829313,2.4946358,1.9844168,-0.5541654,-3.553024,-1.3574351,1.4716688,-2.0552707,-2.649379,0.6723106,1.9173748,1.529283,-3.3727872,6.7577667,-3.0465434,-2.501987,-1.780358,-1.9088906,-2.0707824,2.1554492,2.2523096,-4.1857476,0.40600273,-4.879212,2.6144485,2.2962067,1.7080541,2.886087,0.53068703,1.7890267,-7.921318,-1.2669715,1.8680047,0
8.455932,13.253163,5.6308513,4.5768356,4.1255884,-5.832441,-1.7500436,5.2279673,-2.6618557,-2.1984653,3.112177,-1.476516,-6.7488403,4.6165557,4.8852854,5.693654,1.2414057,1.4133736,6.2658,-4.5025663,-5.511445,-1.2034237,-0.35965943,-3.4096313,-0.13858368,-0.6998235,4.5201497,-0.17709197,-0.2399626,-2.6194596,6.6232085,-3.4372857,0.9194492,-2.9666712,-3.651379,3.1680596,-1.8211632,1.583179,-0.3325102,2.2621727,-8.403084,1.3580893,-0.17148614,-3.1519027,-2.5817084,0.8353749,-2.190388,2.6174736,0.6386877,-1.0839624,0
4.8651547,-5.2422647,10.065099,7.8091354,-1.9035681,-0.10820495,-4.829292,19.235174,-2.7211845,-3.6329615,-2.0303051,4.4238987,-2.9005916,-2.9563882,-1.0432941,1.4120047,9.197571,-0.72472936,7.085531,2.335132,6.2546196,6.8019485,0.54432815,-2.8694313,4.322261,-3.4030468,5.6814857,-5.316412,-2.3874362,-2.0938623,-2.5042744,-4.616846,-5.7972345,-7.229329,4.1348634,-2.9869533,0.45190617,-0.28768843,3.6316226,-1.5986389,-0.5892153,-0.8275844,-0.15340205,-1.7507778,1.9501657,-0.3234153,-3.3683932,2.1844614,-0.809884,2.8924947,0
-0.34564203,-7.855321,1.2508018,11.891325,-1.5643744,9.636439,4.173222,12.547501,5.250081,-0.8900832,-7.042109,2.1385326,1.0896337,-6.1467032,-1.9579929,4.7914534,5.786268,4.7338142,1.6440976,-1.1809442,7.5288925,0.62284225,0.76883084,1.4519076,-2.4355807,0.90145564,0.06605433,5.3964868,-3.3688462,0.5165308,-1.5469048,-1.2638357,-1.7651855,3.514296,-1.8068271,-2.1993759,0.55625206,-0.14065635,2.7902622,-0.27575907,3.7018983,-0.6588783,2.1853914,2.2990768,-0.7648131,1.7377322,3.4738858,0.848944,-1.3676239,-0.75149775,0
13.251084,-2.572855,33.08709,-21.852552,6.063512,-4.635868,12.907779,-1.6994587,18.619476,-3.4314969,-4.138701,-3.4929898,-3.3994064,-0.12084596,4.6209335,-10.855335,-6.171236,2.9630601,3.3258982,3.0144055,-4.0948715,12.458223,-0.082248725,-3.930002,-7.4161935,0.39830473,1.6936988,10.773836,5.581427,-6.780425,1.4364256,-8.650059,0.07063782,-8.083737,4.848356,-2.5489442,4.2848496,-2.517108,-1.2498697,8.209527,1.7002436,-4.344508,6.253398,5.33306,1.876262,-0.20314947,-4.8984923,-6.9768424,-9.309839,0.089153185,0
2.4560869,15.777757,-1.0037197,2.0414732,-0.9269569,13.736516,7.887875,5.967811,-10.552742,7.733185,-6.163358,7.337803,-8.112252,-0.6157088,2.0567713,-2.55591,13.384215,-6.653086,-0.33536676,9.836577,0.32288978,1.4674493,7.360644,3.6790679,-3.170145,-4.9802732,9.76537,-2.0101035,1.1300505,4.560041,10.742993,-9.310989,0.6213193,-7.993339,1.5983311,-5.2015405,-7.134926,2.068892,-6.893266,-6.9208684,5.589447,5.5735755,-0.69723415,8.888948,-7.1874003,0.16075663,4.105225,2.2677,4.004623,-1.1349725,0
7.8064027,10.556319,22.704668,-2.2903175,-2.7297604,-8.662527,4.7958593,4.448686,-10.894998,0.88157296,-8.544841,4.4482064,3.369967,0.66582334,6.2774158,6.4158773,-6.471505,-3.0040348,-2.751988,5.756194,0.14717868,-4.351809,2.217022,2.8818967,-0.382616,3.555926,3.7781286,-1.6966331,-4.641229,-6.3465977,11.345223,-0.06777121,0.89786243,5.0683885,1.523006,0.4908912,-8.987255,11.291718,-0.22058865,-5.0665703,-7.00433,3.4000647,1.4904951,0.27388862,-2.3742664,10.678349,0.1807213,-8.077083,2.0810792,-4.652787,0
-6.393908,7.0959473,-6.025456,1.6052737,5.684422,0.59530747,5.6774354,-1.0469226,4.348619,5.5963745,-2.6963806,2.9150548,2.7492247,-1.414665,-2.270956,4.6161294,4.006334,-6.677197,4.3313017,-1.8148832,-0.033229098,0.09231945,-0.64936376,-0.027247014,-1.5001445,-1.3194506,-1.6610838,-0.7776288,-2.211685,-0.83921486,-1.4336457,1.4597955,1.2509589,1.1807312,-1.2737958,3.532638,3.2896736,-4.526253,-0.31163839,4.0129237,3.500831,-1.5066936,3.2300289,-0.094791636,-1.6992618,0.6079155,0.91162556,1.543721,1.187093,4.412538,0
-14.122651,-0.4235322,0.36268345,-1.2201945,4.9832687,-2.4516687,-2.6231582,7.6130543,0.8765926,8.833902,-1.5106741,0.44084632,-5.0935755,-2.033371,-7.07268,-6.7157245,-0.6601689,1.7657508,-0.94795525,1.2988545,-2.4748406,-4.6594224,0.34545085,3.5154324,-3.7989218,4.344958,1.7094359,-4.7181015,2.441169,2.9157622,-4.138584,5.9462957,5.1239424,1.7529933,2.588974,-0.96058095,-6.842043,0.23775552,0.20995058,-3.3303607,-2.2954674,0.42096958,1.9042408,-2.3196478,-1.2910706,0.43766266,-1.9487398,5.384031,-2.4066212,-3.298061,0
-2.4763894,4.879306,-9.356051,-0.1727718,6.250421,-2.3765907,13.510404,-2.9419115,2.966384,3.3519948,1.6738652,3.4101815,-0.9285515,5.177635,-3.660812,3.0689576,-1.3199906,3.9985185,-2.6896126,7.363965,1.487788,-2.398433,-0.82866186,-2.4633632,-1.6684508,-1.463353,1.738847,0.3922307,0.33172044,-1.2638139,5.0346103,-3.9997404,0.42401376,-0.6123986,-2.9444256,-0.049008593,-0.6053797,2.412498,-1.1452571,1.5478536,4.029403,2.5201097,-0.66808504,-1.5774493,1.3589656,-1.1140904,1.8113532,2.012002,4.161014,1.767691,0
2.4845183,-1.8219099,-4.2879424,0.47448108,13.267718,-4.257748,3.961106,-1.2517813,2.2766318,-5.5721717,1.3279527,3.629478,2.5921497,5.5472198,-6.848799,-1.9296745,-1.5036523,-1.0356896,-0.9109871,1.3037505,-1.8658587,0.4591337,-5.6774025,-4.229765,-0.78090084,3.9828498,1.4157925,0.41365594,2.8153846,0.59489995,3.4826202,-3.563726,2.309864,1.3336017,-5.5234947,0.82425976,2.9106617,-3.1185594,-1.2965132,0.04480321,0.42489195,2.3740683,0.32203183,-0.025728727,-1.8095151,-6.7740912,-2.2086403,-0.5646952,2.4363704,1.1557344,0
0.45681763,13.731586,-1.7518508,7.134899,2.997179,3.1955025,-4.223318,-6.4502788,10.210344,4.0254235,-4.5704536,-1.1480988,0.8457264,6.2152805,6.5937304,1.3774632,3.8412614,4.958748,1.2489463,-7.3797984,3.9984136,3.8596733,-2.3801785,4.89783,-5.5995684,-1.046155,0.54724526,-1.7962706,-8.554712,6.2828526,-4.1389294,1.1007383,2.2746859,-4.3408685,-2.9980147,4.3756847,1.9985307,4.252475,2.4420452,3.410119,-1.0852898,-0.265938,-1.3198072,-4.756489,-1.3463273,-1.8529326,-0.2754141,0.6062904,1.7512938,-0.72965443,0
-4.215156,-7.5587983,-3.7200646,6.584589,5.53416,5.060576,-1.6861434,4.758366,1.4094533,-0.6699535,4.2355046,2.475617,2.247774,-0.5881748,-1.9786992,3.904403,-2.5290887,6.1431303,4.1394477,5.407948,1.6536475,2.6772804,-4.6880336,-0.56840503,2.8056297,1.1280869,1.5457476,-3.932206,-2.9303198,-0.70419854,4.66812,-1.4848979,-0.052101556,-6.176567,1.8947933,-0.4194008,1.1222118,-2.5998871,-5.219015,-3.4329379,4.365449,4.0346537,2.6374466,-5.269549,-2.5016255,2.2610297,0.8467495,-0.19188851,-0.3655123,-4.1588354,0
-1.0163872,-8.259376,0.004303158,3.821747,-4.8420196,-7.5938125,8.928842,-8.269743,4.110232,4.7290416,-6.34351,5.99722,-0.74546236,-3.2939591,-9.586139,-2.2709084,-0.7292339,-1.2974869,0.1851766,-2.0993981,-11.8896475,0.43355522,4.3473797,-6.6406093,-0.018039819,4.774087,0.10533918,-0.8961923,1.5423769,2.9593186,1.7313687,3.7096102,0.36220378,1.7853765,1.4257894,0.28771105,-1.8957494,2.0253847,2.567402,6.5005937,1.8574882,-5.168514,-2.208303,-1.5374813,1.716058,-2.7816827,1.5307167,0.26207504,4.606685,-6.6662593,0
-12.697837,-8.10661,0.8337512,7.229484,3.9055312,10.127379,2.5272985,-1.2403692,-6.316321,-2.3722568,5.1511474,-3.2576756,2.4020746,-1.135236,1.6546359,3.433428,1.6087347,5.742453,-0.38184884,-2.550047,2.9047842,5.1478996,2.1404862,4.1427155,0.3931873,0.40868214,-1.1217955,4.1536927,5.525451,4.495571,-3.1440454,-2.3704438,1.3922496,-0.96844846,1.0820566,-1.3464872,0.7046259,3.7367678,-1.4856887,-0.24877,-3.3448267,-4.81508,-6.0537634,-3.3727994,1.3570133,2.6746707,-0.858548,-0.39327276,2.6461408,-0.51886916,0
-17.45059,-12.055622,1.89398,-3.2463524,-1.1482838,-9.442749,-2.7301168,-0.06649638,-2.2367916,8.149408,2.7594147,-1.9673142,-7.0686016,-1.794009,-6.1651673,-6.198046,3.2974825,-1.9269146,-0.14474064,-2.77967,1.6117774,0.1546054,0.15423171,2.336211,-0.6281768,-3.08491,0.99463636,-1.990105,3.7757547,-0.21486183,-1.7543378,1.651272,2.9261005,-2.7540014,-0.111102946,0.6384573,-1.3697696,-0.40161183,-0.65676904,0.6366968,-5.3472238,-4.397544,-0.109990366,2.0905404,0.29556888,2.806529,0.05738167,0.6964964,-2.3505356,-0.60651463,0
-1.1567235,9.207133,5.880478,7.3802752,0.09786053,-6.9108787,2.6456978,-1.7463055,-8.101069,-5.101221,-1.9976667,-8.463324,-0.9709195,-4.094243,2.0663755,8.654163,-1.1557401,-0.11319339,3.505245,-3.6823301,2.3246558,2.1002367,1.429088,3.064081,0.47520885,0.84141994,-3.7667203,3.9625525,1.6210648,1.5482955,0.58659863,-2.6861393,6.5617795,5.489991,0.34968966,-1.3463012,1.6454463,-0.57045203,2.127597,1.0828164,4.012205,0.7833572,1.4876267,0.74851906,2.407836,-1.0256184,-2.2792041,0.033946525,-0.46560183,-0.07655904,0
6.806253,-9.873661,-2.9349623,13.730642,-3.2066243,14.055763,2.5153375,-3.7106054,-5.150874,-1.349782,0.97175074,-1.136453,-5.375008,-2.6782758,6.62813,1.1894741,2.38806,1.5242119,-0.78933215,-0.50060034,-2.9927,-2.5392122,-4.0091906,-1.2696887,-0.13540614,-2.9277391,0.96858865,0.52766037,-1.3224343,1.3256167,3.699323,-0.7496897,-2.2042038,2.4311395,4.880635,-2.5414174,1.615448,2.7021272,-4.865233,1.3595462,-1.166311,-0.8563936,-0.73096526,-3.9045663,0.062058803,2.1562378,-1.1988876,1.1149294,-4.508674,5.2632127,0
5.583422,-2.9213586,12.326881,-4.741198,-7.392545,-2.5167742,1.0152535,-2.8848708,-0.78369147,4.404704,-2.8600106,-11.992611,16.89741,-4.3159876,-7.068134,-12.717203,0.4673334,6.5781417,-2.7412431,7.809929,-18.092125,5.873488,17.404968,4.2096786,19.97639,-2.880737,-9.266577,-1.6254739,-7.183304,10.965551,-6.822431,-9.441498,0.62938905,-2.458624,-3.6914423,-0.9870067,-6.140515,-7.909228,2.9938056,2.5174806,-11.550131,9.00524,8.959655,-6.050852,7.030983,1.3911481,14.329339,7.6691246,-1.7212633,2.6534789,0
-8.734509,5.3391767,6.925027,-6.02812,5.486334,-0.24185269,7.1646113,-4.7592936,0.27227613,-2.6798189,-1.1785219,-1.8761241,5.6105375,-0.34798244,-0.7502595,5.2248845,3.7140794,1.5121913,-1.5373844,4.0668635,1.0873361,-7.0466056,2.9143894,-3.8882422,-2.0770845,-0.39766186,-2.756345,-1.2796806,-3.2686422,-2.5861564,-2.6656196,-1.4439421,0.25505558,-3.106519,2.483953,-1.9513435,-0.5845016,0.45875028,-0.6785085,2.0751078,3.277139,1.974753,-0.57782155,0.71207505,1.9610584,1.4704472,-2.1702201,-1.4116677,-0.43856937,-0.74834955,0
-1.4496926,3.0103545,-1.4730098,10.6238165,3.445781,0.58571154,6.0012007,-10.060724,2.9441183,-1.0795383,0.65764046,-2.5785997,-4.286408,1.7438256,3.073623,8.096134,-0.41046566,1.6122527,-4.9705596,2.575327,-0.98470646,1.5438298,2.02031,4.0660644,-1.1624588,0.9964305,0.62699735,6.084352,1.3846658,-0.7788627,-0.96094036,-3.6228821,3.3752813,5.818406,2.329328,1.0978601,-0.5759616,4.258597,0.079335436,0.0001441683,-1.7380955,4.170104,-3.808668,2.0190866,3.8474333,-1.9313406,3.333473,3.806721,2.143698,1.7178711,0
-13.595251,-16.076536,3.3008268,5.657049,-1.887276,-5.466282,-3.8184054,-7.236825,6.134392,12.029146,4.5416493,9.601092,-1.0675263,-3.2801044,-3.0783339,-3.3728428,3.5533736,0.87746495,-5.9185247,0.80334914,5.5694547,-0.623958,-2.9071434,0.8853359,2.458079,3.3691638,0.8604066,-0.89285934,4.632829,-2.637129,-0.53542584,-3.4534967,1.4219841,2.226138,-3.1360607,-2.9623928,-1.3788261,1.6144383,1.1553376,4.0400925,1.1713531,1.0247574,2.0983067,-6.035956,-0.8437737,0.5216518,4.5939293,-4.1826267,-0.7570083,1.9622736,0
-10.350172,6.3516097,-11.719338,4.250341,-2.1648285,-0.70194864,-3.8634796,-7.298617,6.106645,1.7973642,-4.912344,-0.94034463,1.6238313,3.623258,-1.4726871,3.953587,-3.8859959,4.7970686,-1.8113394,-1.8883489,-0.68601555,5.165294,-0.1283634,-2.025879,-3.2990954,-1.002747,-4.1258445,3.4513094,-0.5693742,0.39422137,-0.5085877,-2.076231,1.0420041,-5.0686274,-0.592515,-0.506,0.992,-2.5367382,-1.0646524,2.4948907,-2.2939131,-4.110963,1.5931699,1.6375915,-0.067015655,3.0993357,0.70861715,0.3855502,0.65947145,-1.7463084,0
-4.5753884,-6.236676,-16.68824,-10.851325,6.1972585,2.4723213,-3.3129015,2.3069293,-0.40267664,6.5680118,-7.8908067,7.141668,4.5039396,-4.6102514,2.2916975,-0.7757101,-7.181521,2.9750822,3.5872033,-8.224976,0.29835322,-6.4010105,3.3149703,2.3863573,0.09928025,2.8836877,5.1479993,0.9237145,12.979735,-0.08280325,2.4901018,-4.3828716,-6.161688,5.6467633,2.2076595,-0.4818633,-1.6211467,2.2358518,5.2091317,-4.103198,-4.5528183,8.6441145,1.7180125,-0.25070688,1.8303982,1.5552061,-4.8270845,1.1312916,-1.0203166,-1.4616551,0
4.120157,12.771628,0.48794696,-5.1312456,3.7797515,-14.160157,-7.901669,1.785784,1.2754934,-0.25961307,-11.618625,1.4205415,-7.0257597,4.1083775,0.3437717,1.2047266,-1.2152122,7.722409,5.459189,6.0884347,3.963222,2.6864624,-1.8375444,5.1816554,-2.4394088,6.263618,0.84228903,-2.0090427,-3.1584618,0.98582506,5.934485,-3.3729632,6.6576705,-1.7865236,2.9399068,4.011914,-1.2277106,-2.2163355,3.9790227,0.35158625,-1.4740522,4.322229,-8.384704,-2.6201704,3.8634756,-1.854746,1.5932039,-0.51854545,-6.144088,1.7261069,0
-16.418964,-13.416082,1.5775783,-5.3367777,-1.0044599,-3.6531332,-7.1547847,3.6731737,-4.6416664,6.138034,5.4376097,10.061286,-2.8777096,6.3867526,5.5572944,-5.530811,0.27965438,-7.1491413,4.7288694,-3.0862162,2.4862661,-0.3596132,0.6165314,2.6861768,1.2955589,1.5142115,-1.2223207,1.5383215,-3.394546,-8.357994,1.7005271,2.783882,8.102444,-1.1660639,-1.3274974,-3.224144,4.7137337,-2.4254463,4.3463783,-0.4534549,-3.9726048,-0.6472744,-0.6740155,3.3450823,0.48148254,2.3649755,0.013951139,3.304154,-6.6324873,1.1640606,0
-15.151906,22.375324,-6.9495363,3.637253,0.16187127,-2.2215965,-4.210826,-2.3800173,2.929241,-5.9772735,-1.678614,-2.1801405,4.661284,-6.099489,4.076122,-5.786264,-0.12681167,-0.93120193,1.5921174,3.3159168,-1.6524704,0.27513057,-0.3241898,2.158366,-0.14901987,3.1794357,-1.7093418,2.4171128,-0.86910987,0.077352084,-0.6668441,-3.1760495,3.303875,-1.9740568,-2.945454,-4.89732,0.8309176,-0.07755012,-1.2116019,-2.132683,-2.3240502,-0.7447511,2.4005096,1.3233631,-0.5758755,1.0695244,0.36309865,-3.1458638,1.6358382,2.5275316,0
4.4672017,-6.562021,1.1065512,-11.341919,-18.153627,-2.3891027,6.4187875,6.0653276,-4.8957186,3.2741349,-0.31616554,-21.135328,-3.0366352,2.4151192,3.8434074,-12.813438,-0.5042193,-1.616028,-0.10386772,3.3257174,-6.868313,-1.0460243,0.8308629,-0.64183265,-4.4779005,-5.0934196,-2.1730232,-0.727264,-6.541232,-1.526145,-3.741569,-4.3994775,0.84039164,-4.7432394,-5.1305656,6.425284,9.127491,0.92943525,6.483083,-3.7055457,12.924709,4.9981737,-3.5390666,-8.565033,0.3564452,-4.3294144,3.4729784,0.23195565,6.067274,-6.1625824,0
-1.3422447,7.454725,-2.3516011,4.7578373,3.3855345,-4.1547036,7.2705045,10.768202,3.2056115,-0.36216477,-1.1521269,2.9779267,-4.8379984,2.7666593,-3.4204464,-1.133682,-8.259956,7.3128457,9.073561,-1.5982553,7.8693876,0.80987304,1.7952496,-2.2547574,-2.496263,0.7512789,-5.409788,5.920623,-4.3895955,5.4812856,-3.0378563,0.41912714,1.213106,4.3379283,5.2237306,-0.020637192,0.8713801,-1.3527583,4.662436,-1.9368349,2.2865121,1.7156047,3.8974133,4.260579,-6.8991327,-4.8845263,-0.42972955,0.39288127,2.797096,1.1682402,0
-4.779152,-6.4881353,-16.144114,-9.713428,-1.3740608,3.9730544,0.44342127,3.9550686,1.4182456,-1.1370149,-1.5311548,-5.228331,-0.8812442,-2.4449613,4.5186596,6.2904105,-2.2445166,2.4773037,4.833392,1.7302972,-4.28959,-1.9543401,-0.18927993,2.2676463,-4.0213366,-4.2230015,2.6195416,-4.4564414,3.8231187,2.764705,2.7403834,-3.1230593,4.7160406,-0.40426454,-3.7535932,0.7888184,2.7196293,-0.6222263,-0.5489487,-0.521155,-5.6169605,-1.3852565,2.3375225,0.1322134,3.2646666,2.0135565,-4.5589767,1.4221802,1.8092841,0.6384167,0
10.761234,9.108617,-5.8145494,2.4005978,-13.970334,-3.6856642,7.728928,-4.2336907,1.5912164,-0.7354044,-3.8928244,8.847009,-6.569549,3.0315752,-7.454159,-5.849694,-16.342093,-0.21509574,6.971236,0.9573955,0.49253374,-5.4148393,1.6297878,-9.2270775,10.040298,3.265862,2.5551922,2.5489843,-7.677556,4.880158,3.9852293,2.6570117,-1.605185,1.8621184,0.11120684,-7.52782,1.8144346,-2.3230479,1.6744299,8.490652,0.30389997,-4.2765903,7.3001266,-3.3824105,-0.7519448,0.53233165,-5.758996,0.71280336,3.8160162,0.617783,0
-3.1447914,-2.5011597,1.0287203,3.1960287,1.4570775,12.526057,12.162165,-5.5847816,-4.173413,-5.1267147,1.7211018,3.2949667,-1.129831,3.4765992,1.5966083,-0.591347,1.4894664,2.4217885,0.9195503,0.7731714,-1.0641611,2.853627,5.6727176,1.0268697,0.4758173,1.8946564,-0.4903087,-0.1313888,3.5264251,3.3064907,2.8533025,0.17341782,-2.992362,-1.9609915,-3.9462333,0.5569609,-3.2731953,-2.8562894,1.5540249,0.100531615,3.5086355,3.9494889,0.9138751,0.68318105,0.42924848,-1.4291114,0.16464047,-3.9949083,-1.0370059,2.228107,0
-8.9404545,-7.218788,5.4571385,8.135441,5.2852874,2.6761699,7.2923813,5.5459666,0.22695865,4.5300765,3.869486,-1.8129753,4.093541,-1.9813567,-4.6356277,-0.4495596,2.7235065,2.1352704,-0.444202,2.837821,3.3787582,2.6757174,1.5821143,1.0059588,0.8580913,0.65186316,-1.0825514,-1.9495198,5.0813694,-2.4769433,-1.9208633,-4.233968,3.752793,-3.7393465,0.54412574,-1.1793406,1.1133952,2.7673059,1.5736102,2.1942747,1.038587,-2.1319273,-0.0066011394,-0.34484926,2.2330863,-1.0541792,0.7730142,-2.2471943,-0.34560868,-1.5298151,0
-5.0276365,15.486108,-3.3794084,1.2241896,5.9720826,1.6843778,-2.6026208,-4.7492385,2.9349425,-0.50196517,-5.553595,-3.1149445,7.773355,-3.0904384,0.4327987,-2.5621526,0.43560073,-2.8122952,-5.0854683,3.1305327,0.95094067,-2.173036,1.9121258,0.93797946,2.393758,-0.95825,2.147696,-3.5507522,3.2767441,-2.3274221,-9.20055,3.6137948,-2.703331,3.7572412,0.83701235,-1.3566482,4.0912695,3.670122,-0.2624895,-6.3338723,1.9992938,-5.2450323,1.6471936,2.5337906,3.8818483,-2.950385,-0.7733365,-0.87619346,-1.6932123,2.1479204,0
-1.8410902,7.663721,-4.3207426,12.557293,4.639768,-1.6221925,-1.2974437,-1.2304534,-2.3622391,-5.3304477,0.54243445,-5.6330767,-5.544363,-1.6586381,0.7705904,4.539341,-3.0491335,-0.8411333,1.384175,2.0903807,-0.75200063,-1.6353624,-1.5827672,-2.2226439,-0.46263438,-2.982277,-0.08577155,-0.45608175,2.3024735,4.9199867,-3.3094623,-0.41054493,-0.17986093,1.5416054,2.0892658,1.2134835,2.6000316,-0.507662,-1.9350218,3.27812,2.4475791,2.7721019,1.161943,4.395204,0.4758845,1.4622183,2.2234433,1.8030996,0.22963053,3.84707,0
-17.65128,-5.662805,12.143992,1.7420357,5.4763527,-0.59549576,-3.983646,-2.727789,-4.6176286,6.685276,8.013101,0.42422938,-3.4974873,-1.4814651,-3.181209,4.7923226,-8.736814,-3.8331552,-4.260004,2.7587128,2.8942995,-2.0463958,3.8278234,2.0898662,-2.7198179,-0.32367226,-5.5813313,-1.4517065,-4.901534,-2.437914,-0.36492088,2.0042462,2.9242177,2.6849098,0.16486838,8.903177,0.3835228,2.0595732,1.2740825,-3.0796144,-4.8781133,-0.24527468,3.919551,-1.3814265,-4.6878405,0.07347169,-0.098150514,-1.8502957,-0.80183744,2.3854253,0
2.2829711,-4.466015,-8.007115,8.633142,-4.6457086,-5.0272703,-1.3537011,-1.4477465,0.94023395,2.2516305,2.0432146,-3.6655538,-6.214157,-1.6637758,-5.7332935,4.853362,-1.99843,8.358201,2.293526,5.3525496,-1.5554576,0.20792405,0.20049052,-3.796502,-3.3870623,3.2667665,-5.0531044,-1.1209762,-2.41653,-0.105825186,1.3086638,4.1417804,1.4302983,-1.4240212,3.4336734,-0.8566712,0.75968224,0.042418,-4.9920597,-0.13009542,-1.0267282,3.9796503,-0.9427794,0.054023433,3.4158576,-0.31821534,-0.20116793,-0.35881072,2.3541567,1.57408,0
0.594097,6.962197,-5.825824,4.9135942,11.513303,0.9133497,-5.5706134,-1.390093,1.2954624,1.4781272,0.7753542,-1.0221498,0.08740856,1.5054365,1.9106654,1.1059654,-2.5519452,5.610385,0.46895248,-4.509677,1.7408851,6.4640765,-4.5005817,0.39734724,-2.6590717,1.129712,-2.6451714,-1.0930808,4.317603,5.043629,-0.668218,-1.321106,5.547575,-1.9196782,-1.9642388,-0.97926307,3.7217546,0.7515494,-0.03563435,1.433118,1.1630312,-6.7348266,4.713158,3.1477432,-1.6727779,-3.2199652,2.8460977,1.4678904,0.11983674,0.434783,0
-3.937673,19.687624,1.1373179,1.9883766,3.0914164,0.9617355,-3.7410457,-2.5716596,-2.588419,3.5134723,-4.486608,-4.797575,2.1833103,0.19536056,4.828016,-4.6999025,7.6813893,3.9508321,2.0616846,-3.9883816,-3.5951324,-0.6563661,-5.9076247,-1.1063535,-3.14656,1.4646306,-1.1569532,3.4367023,2.81155,-3.0419588,-1.10375,-2.1660278,-2.8660517,0.60364217,-6.6419334,-3.660818,-0.101530455,4.763005,-4.132785,-2.6349494,-6.737762,2.5656223,0.07558798,-0.31245047,-2.0137334,-0.8024525,-0.84872955,2.887876,-3.2035093,2.5287917,0
2.3282862,-2.4411874,-1.1272553,12.887795,4.1963415,-1.9178083,4.8454776,1.920235,-1.670589,-0.28228465,6.4667716,0.017928233,1.1939394,-1.2382293,-5.3457084,-0.1619839,2.7947307,4.4056163,2.466309,2.3465009,1.472974,0.44894657,2.5310392,-1.59086,1.357608,2.7281165,-0.3007547,-2.1215045,2.3550777,1.404696,2.6432347,1.2758423,-2.149076,-2.1570566,-0.48478615,2.3180559,1.7096114,-0.13472708,-0.07698856,2.4493551,0.30899853,2.9008784,1.3826351,0.7680211,4.069448,-2.190071,-0.11987078,2.0381076,1.4136232,-1.0641999,0
0.08890531,-7.3415523,-2.3092396,10.478208,2.32428,7.4074745,-1.1778418,7.5774875,2.150261,-1.8737726,0.34933814,-3.861964,5.70209,0.49812913,-3.5251758,0.07898182,-0.1679111,2.0062582,-0.07084592,1.4126751,-3.9665985,1.1965995,4.651361,0.72589433,1.8494169,-4.0388684,-1.0095962,0.944726,0.691355,0.16021612,5.0358515,0.57015336,2.8784482,-0.615137,1.2548937,-0.23966917,0.37991652,0.6337992,-2.8478541,-0.56719095,-1.6382701,-0.03696119,-2.6317244,1.2113812,0.3645718,3.928985,-1.2408214,0.560452,-2.3043578,-1.9010617,0
-20.259722,-9.782052,0.12886265,-1.4947693,1.3853068,-3.7690465,-7.7043033,3.3813834,-1.2021067,2.3529022,4.6515245,-2.2026165,-1.2272291,5.2027855,-2.6309586,-2.4372892,0.21022058,-8.747959,2.2322128,-4.6102467,0.8064784,1.2642221,2.0230052,0.8791259,0.39492905,-2.203882,2.5244699,-1.5906239,-2.6655908,-4.595467,2.5541096,-0.8336897,3.380677,-0.041538507,2.7630384,-3.0392222,0.83111703,1.5530746,1.4685168,-0.46030048,1.4053143,-0.029818697,1.1958308,0.7422651,2.8302886,0.52210295,1.4249275,1.5045928,-3.3577552,2.8163617,0
0.95195097,-0.38730502,4.189917,14.154212,0.848601,0.67140305,4.712894,1.2770702,4.8942294,1.365768,-2.8444934,-0.8581422,3.4780028,0.395197,-3.4369962,-0.16667442,-1.645593,-2.725072,-2.33232,0.87053204,3.5059912,-0.38080108,2.1210656,5.1341524,4.4630265,-1.2491194,2.7017539,-0.47759053,3.1360145,-1.5882018,0.58362734,3.389858,-1.6250345,0.8490421,1.5180779,7.069806,-0.6744475,1.8112828,1.1234317,1.746034,0.014966086,-4.100026,-0.049084794,1.886085,0.66665494,1.8433492,1.0621104,-4.1536236,5.9191103,1.7983619,0
-17.073957,-1.0494797,2.5316534,-5.704014,6.004123,1.9797626,2.248638,3.6956632,1.1474001,-12.467666,2.7923527,-9.395714,1.8730191,-0.06856126,-2.963503,1.7496616,0.039541926,-2.504524,-2.9684052,-1.0383375,1.814776,-1.3912548,3.1949806,0.19419184,-1.510665,0.77551484,-2.4449298,1.6268396,-0.38428152,2.8578398,-2.6183608,1.9981827,-2.7712886,0.26378128,2.4237761,-2.5413394,0.82136023,0.59264576,2.1244903,1.4455599,0.53969806,-1.0034627,-3.50926,-1.3091686,1.2490549,1.9792061,-1.8216995,-0.49400115,-1.6725256,-0.73138344,0
-6.7872725,11.802226,-7.152438,-0.931629,-1.2272122,0.05200118,-4.1176057,-6.546625,4.13678,3.9505827,-1.9548196,4.611093,-4.336598,2.7707412,-2.5901768,3.0748358,2.18649,1.4657371,6.407396,-0.016097398,-6.6788435,-0.8927938,0.10741975,-5.393835,2.1758559,2.4991193,4.4600925,-3.4959638,-1.6425365,4.2406454,3.399839,-1.7898391,0.21477668,5.156635,3.2327921,-2.2471862,2.2233043,-1.6861482,5.5044656,1.2796147,0.29705727,-1.9277345,-0.38173893,-0.4033197,0.47436905,2.1131372,-0.53508234,-3.1769896,1.6413689,5.621183,0
-16.775103,-6.046885,-0.26287028,-10.611128,9.90643,4.0346756,10.222796,1.8775403,4.887967,-8.014802,0.72812986,-5.628764,-1.7675575,-1.400896,2.189905,-0.3178148,5.628009,-3.3868415,-0.27458084,-2.3732893,-1.5560393,5.3240004,-1.770029,-0.82165086,2.8616567,1.7877723,-1.6218326,3.577125,-0.42800075,-3.1112642,2.0672374,4.498159,-1.9087343,6.4023757,0.6162838,1.8556397,-3.1899102,0.40861198,1.6402266,4.043807,5.141952,1.0313569,-2.0713346,0.80382174,-0.5550815,-0.5949348,-1.4744616,-3.9283,0.69875574,3.1510665,0
-8.293931,-4.956325,-10.769261,-10.218357,-3.7340236,5.757299,-0.70251334,9.786223,3.0766098,-0.9406795,1.129575,4.001081,0.21492422,-4.727269,7.847878,2.1274064,-0.9580833,6.6620607,2.789913,4.340937,-6.102814,0.739485,-0.77979624,-2.0056026,3.4543502,-0.24499868,1.5164034,-2.4841566,0.57823265,-0.39016628,2.3954692,-1.6224029,0.69442534,1.5266969,-2.4037383,1.1076976,-0.28328252,-1.3544575,3.0211155,0.6919669,-3.2074692,-2.4651923,2.1385913,1.8126824,-1.5556062,1.0557271,0.05824566,0.82197547,6.1028857,-2.3272676,0
-2.007653,0.44531357,20.208132,-14.930978,4.8025618,-1.0975852,-1.1854718,12.071105,9.937308,-1.443559,-1.8826132,7.8153486,1.229516,3.9693546,-2.2341442,-12.1042595,1.6820545,-0.19271673,5.168825,6.2457805,-6.855222,10.053931,-0.2127975,-3.5414405,-9.685134,3.8405845,0.22162423,-10.967699,-6.5680203,6.7714267,-0.5417507,5.330056,-3.744326,2.6351717,14.584259,-6.7735004,1.6238747,5.034743,6.148717,2.199529,-7.333814,-4.5089536,-0.18039194,-0.5383179,-0.8542067,-4.1167135,3.1780055,9.700757,2.257953,5.459603,0
4.3299356,5.3256125,25.92671,-11.139589,3.6904418,-9.664348,-4.3263206,2.8985393,-12.491333,-13.974746,-8.790289,4.7477484,-3.0173895,-2.2872877,8.063866,-2.1299691,1.1997128,7.213293,-1.1702017,-0.8125347,0.6501976,-0.3049903,-5.482743,7.087641,3.6243567,4.6426864,-15.801425,-8.984171,-3.637265,-3.4052339,-4.6448727,-6.8396835,-0.8491283,0.11055127,-5.90227,-0.9114324,-4.6019707,-7.4047995,-8.662539,1.8961604,-4.8847103,-1.529233,4.1860003,7.6443496,-2.9092858,3.937564,-1.2809641,1.1514579,11.391158,5.824498,0
-5.2454643,-8.218636,-4.9535217,13.7202835,3.2698357,1.1170101,6.1894574,-3.2497962,1.5464394,-0.13215742,1.4714688,-5.8250356,3.882158,0.33479276,-2.4544797,1.2695332,-3.0498047,2.3611286,1.6232158,-0.5460059,-0.93100166,-0.15016674,-4.211095,1.5311843,1.2480029,0.67917717,1.2156699,-1.4354004,1.4796401,-0.36204797,-0.48344088,-2.4175792,0.64213616,-2.8040903,-0.7993252,-1.4726714,0.3466397,-0.06277068,-2.7683203,1.7118857,-2.5465481,1.3955046,-0.13806336,-1.2258786,-1.2849535,2.7352698,1.316164,0.6963488,0.67018074,-1.8850499,0
-2.058941,-10.251194,5.1438694,13.785842,-4.7317624,3.3170598,10.93719,-3.5003304,0.60779524,-4.300977,3.1890094,4.7192464,0.8766249,1.7074484,7.509411,1.8052595,-6.050447,1.2188745,-0.13405363,-3.6013787,2.318397,-4.525358,-9.759767,-1.4456885,1.1956972,1.3307906,3.6052523,-5.445716,-0.39689368,-2.7825358,-3.2237654,-1.3171132,-3.335595,-4.7205534,-1.1721078,0.1540776,3.586197,-2.4766917,-1.651035,-1.1784196,-1.8460959,2.1999345,2.5762491,-0.6677965,-0.7885259,6.687262,-0.03456933,3.039084,4.389145,-1.7507292,0
-15.085623,1.3082833,0.11939061,-28.002808,-17.657778,-0.5557623,-2.7499812,7.8177547,13.831941,-4.8420434,2.3833077,-17.57743,-10.954871,11.701981,-13.194182,17.535246,9.036593,-11.580367,-8.109894,-15.054324,-4.3132343,-7.463533,2.9646335,4.005787,0.48733258,20.661509,-0.048030183,1.1280586,4.1459427,9.227445,-1.8381238,-11.760049,-18.835468,-2.0812786,-1.3096673,-1.229731,8.07674,10.0232315,-8.040152,-0.2336469,2.3857281,1.0863924,5.959499,3.8934295,-2.7980216,9.285816,7.8852897,-3.3413122,0.07143042,2.1001136,0
1.4503162,-6.6164136,-12.904198,0.6441693,-1.7531537,5.8591747,-2.5669847,7.568116,8.593158,7.055147,-6.215439,2.6043687,1.8717277,-1.4698681,-4.351535,3.4966996,-1.9111129,0.1797081,-0.43452525,-0.5759509,-2.4714673,0.4959571,-0.2709418,0.2596756,-0.55280936,-0.5159724,0.7253911,-4.3333087,2.4231796,-1.3253839,1.2089872,-3.936149,-1.9016576,-0.7909718,0.9688273,1.4624816,0.8212543,-4.4225793,1.9956155,1.690547,-1.716379,-2.795709,-1.0957553,-3.0770378,-2.2865796,0.6182861,2.250844,-2.2828124,-4.1671267,-0.1587873,0
-10.076102,-11.069614,6.3583508,2.360043,2.8731759,-2.6467414,-4.995787,7.271044,-7.154755,-1.6433538,-0.028214663,8.053132,1.2330117,-2.8466341,-0.42110267,-1.963864,5.412934,-4.4360175,-1.0064421,-1.6266896,3.4605405,-0.840215,1.9534508,4.842232,-0.41239387,1.1630183,-5.663774,3.3869948,-2.4607484,-0.18189162,-4.0804267,-1.1322383,0.92061853,2.7903404,-3.0132267,2.6733716,-0.0642619,-0.43962798,1.11856,3.457762,4.503754,2.4051003,5.490734,0.70978093,-0.2293819,-1.7091031,3.8052452,0.94906807,-2.0563028,-1.0026588,0
-14.027267,-6.4546285,0.89476943,5.83692,7.8740034,3.2913368,2.519279,-0.4580127,-1.1031506,-3.0860057,5.4444118,-1.1996075,0.0357294,-0.46491393,-1.6373675,-0.8543765,-2.2838192,-0.41332343,-1.034835,1.520367,-0.42273715,-0.39909688,-0.5202565,0.56596154,0.49523473,1.0114946,-2.165789,0.36381745,-0.08338731,-0.45893213,-1.3229333,2.6639442,-0.21116209,-0.60495025,-0.69598067,-0.90708995,0.039398156,-0.97867084,0.19812372,0.98047805,0.67831445,-0.9486204,0.1377296,-3.3580835,0.6728038,2.1219242,0.19136804,-3.8653708,2.8037312,-3.2192862,0
-11.014352,18.00497,-1.9946365,0.97675574,-1.7366456,-5.874494,2.4528613,-4.429403,-4.4064283,-0.29705754,-0.0014422451,2.0231957,7.777267,-4.7833652,0.46220186,-7.7483654,8.345765,-1.0955713,-8.591165,3.4328005,3.773678,-5.129978,-0.048640497,1.5237274,-5.9287558,-2.7101817,-0.63458407,0.069899864,5.7467537,1.1828054,-2.088352,1.6319623,-3.7300324,-1.1132782,1.5651584,-3.1249714,-0.5619834,-1.0979104,-0.40891704,-2.304505,7.2815366,1.9062104,2.116979,-0.76778257,5.5086484,4.6187873,-2.737344,5.625812,-2.3661592,5.6991673,0
-1.1794391,-9.3630495,-0.88099253,17.787588,-7.7110972,2.9827273,-3.078926,0.9047591,0.9384779,2.3002205,-0.964792,5.343938,-1.8341562,3.457736,-1.4676446,0.3107434,-1.6527177,4.1385417,2.3438025,2.5500138,3.1712418,3.0976324,-1.1390634,5.0073514,-3.4970896,3.1569836,4.518426,-1.152475,-1.815992,3.8863044,-5.6410866,-1.5600818,-2.5989182,-0.71572155,0.4934051,-1.1663338,1.9896858,-0.9119918,4.139851,-2.2924743,0.25991398,-3.1624382,-4.481394,1.5864209,1.9929953,3.6371324,2.449752,-0.48386687,-1.0184886,-2.0481484,0
-9.314824,-4.5246925,-5.028142,5.2817163,2.7428548,-1.7416677,-3.2045863,0.1664581,-2.762354,-0.22342436,-2.224998,-1.0191609,1.3230244,2.5405953,-4.8126664,1.1155252,-1.6260569,5.92468,-1.9369069,2.5125742,-3.5668187,2.2321,-2.1231818,1.7885436,4.3727565,-0.07389677,0.06856021,2.5366786,0.84174377,-2.7810218,-1.6035744,2.5738347,-4.2057323,-4.4622083,-1.6529329,-1.4224775,-2.1653748,-2.9721704,-0.82464105,-1.1811446,1.945256,-1.1604273,-3.2312052,0.108538166,-1.3873525,0.3952649,2.6145325,-0.7620388,2.7911258,2.2007148,0
-0.485392,3.1750307,2.684593,15.178589,-3.2704997,6.2143836,4.2082214,11.890709,-1.5875264,1.8097633,-2.783198,10.914456,3.7769198,2.5587063,-0.44205037,8.300887,2.9177778,6.6912966,-7.054516,-1.28581,-0.5860834,3.9644778,2.5343854,9.121933,-8.329966,0.7115449,3.661314,7.301821,-1.1791375,5.2365584,-2.2749827,-0.057712752,-2.7261248,-0.8462162,3.407688,-2.4104595,8.151868,-3.7012444,3.4456537,3.7978961,-2.2713213,-0.26505056,3.140854,-1.4916117,-1.6252022,0.11117971,1.2411876,2.3770628,2.8709435,-2.9177277,0
2.992807,5.345885,-3.3245993,-6.822731,6.41094,-8.679066,0.7835459,-4.613546,-2.815761,-0.943082,-10.586332,4.438404,-6.225313,3.0406184,-1.2809192,5.819992,-3.1176398,10.785689,3.4309275,0.93042356,6.5080285,1.0632633,1.7006117,0.21494128,1.1533227,0.9929317,-0.9663224,1.5703955,-4.567547,1.2796899,-2.6920445,-0.71281564,3.302795,-3.1969047,1.9201336,-4.1774035,-0.8494957,4.8417935,0.3203936,-0.84468377,2.7358418,1.4592799,-2.2955084,-3.1343057,1.1169405,-2.9897625,3.2960162,-2.3290153,-1.5039403,2.9513314,0
-15.371221,-7.761937,-3.0246544,-1.4668081,-3.467428,4.232007,-7.7693415,-1.8785363,2.7924666,1.707835,5.532262,2.3465579,-9.4955435,-4.058117,-0.7942721,3.940548,-1.7017249,8.215323,3.34282,1.6421,-1.1062447,-0.7994186,-0.29983976,-1.4715551,5.9015713,4.6126776,0.30138493,-5.5662885,-5.20688,3.7058823,4.161521,6.1100817,1.8899775,-0.80178005,-6.6560626,-1.0955454,0.11827414,-2.1057215,-2.0102353,-1.0554574,-2.8077512,-1.061491,-4.108017,-2.2951825,-0.38638836,4.3074126,-0.74304014,-4.009631,2.654092,1.0354257,0
-15.789086,-5.949504,-1.218349,-5.084828,-5.65769,6.2541127,-8.375483,-4.378033,1.4920794,-0.2023637,4.2920647,-1.9081447,-8.29857,-2.3208435,-3.2880435,2.1040418,6.2430162,4.9467516,4.1258826,-1.656666,-3.5178683,-1.3383355,4.2229476,0.082414724,8.715566,4.137173,3.5721054,1.0551412,-5.333626,1.5380193,1.2819955,8.668831,3.0173614,2.3659868,-8.362547,3.3664348,-1.1172825,-2.4599502,-2.7400136,-2.6725092,1.038825,0.4532,-6.1570067,-0.48031658,-2.0077434,4.846016,-1.1590706,-5.6775193,3.5413911,4.291595,0
-0.07353209,10.498096,4.599168,5.2515273,5.9844646,0.056863442,-5.3636684,0.040754125,-9.25308,1.4447222,-4.395391,-1.9684985,-5.1631947,5.3034325,12.339488,1.5128546,0.38138938,5.0809183,-3.3691888,-11.443584,4.992716,-1.4349315,2.577158,-5.659463,1.5464684,-6.866662,1.0261921,3.2886808,-2.8786113,1.3323201,-6.720929,-1.6328837,1.1736648,0.5141717,2.202753,-3.336139,2.893323,2.5079544,-3.6725276,2.258687,1.8059556,-2.0620282,-3.8293593,-2.3329742,0.75354207,2.7007425,5.3822,-0.33499867,3.7431724,-5.8847766,0
-19.987633,-10.4812,3.9005773,0.34608734,10.684577,-5.511909,-2.6813972,-1.8248665,-5.0387874,4.320256,10.679416,0.94806445,-1.9682398,-1.9671276,-2.131996,-3.8023653,-1.1920564,-6.527712,0.5139816,-2.388986,3.928552,-5.343644,4.9422793,2.8833525,1.0485421,-2.5726087,-5.3990765,-1.8781532,-1.4975669,-5.872593,-2.1303034,-3.4260364,3.1775534,-3.426401,0.15868312,1.5899,2.8910418,5.0230765,1.8625615,0.96231407,-2.919917,1.9281039,3.7589803,-0.6464701,0.5428639,-2.3111715,0.806066,1.4929018,-0.44680783,1.4397346,0
5.590086,-15.51396,-1.7176366,8.458481,-4.689616,6.829896,4.373202,-5.3611016,6.96223,-3.6807897,-5.7433157,0.8863762,-3.4770608,-9.4109955,7.0182624,-1.5393933,3.7166653,1.0064268,-2.8459926,0.09931485,1.4328636,-7.1211367,-3.453108,-5.4150987,1.8840152,3.1677718,-4.840023,4.456946,-2.388458,-1.2065035,3.8161554,-2.7255847,2.777205,4.855651,-3.867537,-0.59964967,-2.9413035,1.4901481,2.4440317,-2.0628693,0.31656432,1.7425436,0.8909362,-4.6314235,-3.146825,-0.61997336,2.2496881,0.49744365,-2.650232,5.1221213,0
-3.2557523,4.7866025,2.6688738,1.4084797,-15.646782,13.257393,15.400224,6.899826,-9.916525,-2.2529874,5.8425126,5.5197396,-4.3427253,8.833579,1.6301721,-0.86844283,-1.0961525,-8.829703,-0.101844266,3.6102874,-0.15517436,5.356938,6.577818,2.4729214,-4.045825,2.4197934,-2.3628252,-3.4818015,4.9194098,-0.6117867,4.902781,5.5254846,-1.588067,-0.1912645,0.16717799,2.201922,-5.973287,-2.026393,-7.222159,-3.1828532,-0.6805065,-7.0737147,8.560344,-15.513671,2.1644852,0.48296866,0.18900546,-3.7994509,-0.3592998,-5.601321,0
-3.6969805,-11.470699,13.054124,-7.1674542,-12.604561,-8.056983,4.686588,-11.756234,-11.257543,6.2119117,-3.9786897,9.194061,-7.881824,-2.1553838,2.1548579,-0.2120951,13.089142,6.2995687,-0.6017654,5.53499,-5.43595,-0.93370366,-0.12945414,11.110832,0.0030746062,4.0100117,-5.1195903,11.830119,-2.7276778,2.8514974,-3.8064919,6.1248074,-4.133052,-4.9653816,-2.1250863,7.7388544,-5.2818117,-4.241154,-0.78659576,-1.7369463,0.528645,-11.719919,-7.002574,-1.6658106,4.636643,4.7771845,-8.529591,0.1402576,-0.0871805,3.079264,0
5.73838,-8.379307,-4.806512,-5.2367387,-10.8852415,10.4816065,9.24333,6.034686,-10.059764,4.6034102,0.3796513,15.988948,-3.2594368,-0.061762486,4.8764114,2.3934464,5.7237573,3.1188712,4.531289,0.45206487,-13.13636,-6.8918414,-5.0484023,10.390321,-4.500919,-7.301742,-0.60644644,-3.288933,-3.8487735,5.9598174,5.552175,2.1197133,4.7554326,-1.0542686,5.6845965,-0.05299787,5.711176,6.489951,0.6701762,3.8877122,3.665051,4.9940825,-4.9802623,-6.056873,-1.6618578,3.4182248,-1.9349537,2.6648617,-2.1648207,5.8104334,0
5.3942647,2.4272885,-3.6065202,1.1058248,-11.097927,-6.879067,-1.7075188,0.757612,-10.961271,-0.43611863,-2.1891825,6.443912,-4.7206235,10.621854,-7.013621,-3.5607877,-4.3029423,1.0288023,-0.7589504,3.8107836,-0.32057062,0.46842608,-0.7288062,0.3919467,3.2510295,6.182018,5.8004503,-2.50257,2.0224442,-5.786772,-3.0440986,-4.022594,3.9953287,-4.813376,-2.6823475,1.3733153,-2.319602,-11.486365,0.021573951,4.9078493,-5.471744,-6.8424625,-2.6995523,2.3491163,-2.1708384,-4.17654,-2.9568396,-4.2399487,-8.084312,4.651763,0
1.971794,0.8649836,-0.8139989,-18.241667,1.6009043,0.07317929,9.098391,1.5925521,13.054111,-0.029639488,3.890898,-7.778864,-2.1729426,0.44153118,8.766022,0.5587155,0.1909751,-3.8235242,-5.7349105,7.934669,-0.4614608,4.582011,-9.80468,2.3831189,-4.1725574,-3.7923129,4.230061,-9.331796,0.15997124,-2.9680984,3.7572389,-1.4554996,3.4052012,1.1547378,-1.6687428,1.6682651,-7.318563,0.302216,-2.6469674,10.1535635,7.224786,7.2991657,2.679843,-2.1304226,-4.1815724,2.3188596,-1.7542064,9.287786,-0.6112216,-1.7841055,0
-0.12308798,-6.006239,-0.51075995,-7.8057423,2.4318912,9.948888,-8.09983,-7.1930413,-7.3055153,1.1754876,-7.0287247,-5.0478716,0.5408625,2.067454,-9.036116,-2.1693883,2.8945603,4.1966352,0.1177125,3.5250351,-2.549012,-1.6167514,-3.3962226,0.24727944,6.750646,-0.41078424,1.507492,5.537647,4.450949,-0.2932676,-1.7553551,1.1250079,-2.1633537,2.610335,-3.0441668,-1.2488172,-0.14399958,-3.0347216,2.272331,-0.39808184,1.4895035,-2.7359266,1.4345741,-0.62589,-3.6086528,0.07517638,7.2105055,-0.6534724,2.374128,4.6377034,0
-8.8390255,-10.052882,2.2535,5.6376047,7.3956842,0.9222886,-2.003681,4.0650077,1.4503393,-2.2462025,-1.8008994,2.7343018,0.53477633,-2.1918027,3.80642,-0.05640494,-3.761196,-0.864932,-1.2818474,-4.042281,3.4902182,-0.5014777,-6.1010513,-3.2416341,4.657718,2.5428464,1.1307338,-1.7514133,-0.71280074,-3.3126721,0.40677553,3.3862994,-0.99007744,-1.8680415,1.2562392,-0.65105283,5.8370996,-3.2742527,-0.08856539,-0.6966925,1.5889645,1.1808444,3.667104,-1.1067817,0.8901907,2.0875318,4.2864966,0.100006565,1.7028452,0.05659132,0
-12.952853,-0.20948306,-5.739861,-8.814028,8.245754,7.308637,4.3911724,4.9525933,0.61710984,0.7047681,-2.6661348,2.1481555,-7.7989354,1.1795925,9.922601,-9.032886,2.040479,2.7111049,-0.66560674,-5.794694,-2.0288806,-3.8276353,-9.775111,1.523935,-3.3703666,5.170481,-11.779478,1.6512873,-4.378383,2.7903602,4.8732123,-4.1122537,-5.0315223,3.664326,8.889952,-3.4076486,-9.236294,-3.2910085,-4.608981,3.3036685,-4.359206,3.8687027,-0.3326453,-1.0923821,-0.81546676,-0.4704341,3.8032906,0.8704817,2.2310817,-10.430794,0
0.20789504,-6.1183414,4.9449058,1.5770258,-10.712318,-2.1177442,2.7872696,-8.088144,18.897915,9.308043,-2.161303,2.6633193,5.4480004,5.49792,-8.855822,4.265037,-0.015284557,-1.3197742,-3.2225208,2.4194381,2.2123768,1.2810618,-6.635443,2.1114213,-1.8555253,-3.5000749,4.0875554,-0.18249065,2.6612241,7.2724633,-3.2101817,-2.9705713,1.3426248,6.3717947,-9.441989,-3.122385,-4.2332487,-0.47352943,-2.2481508,0.23982273,-4.4967995,4.7960095,-2.773417,-0.49251354,-1.9673915,-4.5142026,1.6928191,-5.9017844,-1.2483453,3.0547154,0
-14.424381,-1.6018082,10.738437,-8.9109335,7.458881,2.874894,11.094928,-1.3520132,1.2670214,-0.47767892,2.1072729,-3.7233317,0.11588626,-3.212624,4.665169,0.851603,-1.781681,-3.5886204,3.5818136,0.4499752,-1.9049101,-0.45657915,-2.4167516,-4.8505807,-0.69315,-3.198663,-0.92756915,3.8606565,-2.2697341,-2.1371558,-1.6327723,-1.0485148,2.513366,4.8800826,4.194534,2.1043322,-6.034383,-4.1101046,-0.8827955,2.5211728,-0.79277754,-1.9743911,-3.1696868,-0.1160941,-0.46881133,6.1622033,0.6124371,-2.0053122,0.03344109,-2.249469,0
-16.881516,-8.683134,-4.8102355,-9.755914,1.5608163,-1.2122225,0.37978694,4.2900357,-2.4212523,0.67439866,0.22950615,4.6170077,0.25172043,-3.9323583,0.48827022,1.7520487,7.2803807,1.6291114,0.96597654,0.33109182,7.32095,-1.6057017,1.3780712,-2.5332253,3.7776678,-0.8578793,4.7263002,-1.3157974,3.0290773,3.1648586,-2.3088052,3.1321979,2.1662676,8.2851,-1.6192588,2.0797381,-6.094361,-0.74047875,5.140341,5.6141415,0.87980837,5.2230453,3.24684,0.016130438,-0.62732154,0.89474416,-2.7025578,-2.212088,-3.0711107,-1.6281008,0
4.2097826,2.1568244,-6.3315964,1.6408699,-10.81015,12.418317,12.753866,-2.818379,-9.591513,0.50338197,4.3389874,-3.457766,-6.059045,3.2383885,-0.09103038,0.72929764,-2.9275942,-5.553116,3.676265,0.45969117,-0.31723067,1.2786487,4.6288757,4.485571,-4.577169,2.5700085,5.5606885,4.7043858,4.424213,-8.851073,-4.269062,-0.5095704,-0.5147545,5.603486,2.754295,-0.98079073,-4.206396,-4.5653334,-5.8802247,-5.0736094,5.732575,-1.4658734,6.7716117,-0.7471888,2.9606197,-10.449565,0.4534164,8.46501,4.7724776,1.7750648,0
4.4293394,-12.266353,7.688478,6.021146,-12.838562,3.9921641,-5.7058463,11.559663,10.842416,1.3979733,-0.07482863,-2.1316574,9.890289,6.1853404,0.49857348,-0.8160028,-3.36803,2.8737493,0.43806207,5.7858095,1.1880933,6.333832,-1.4262114,-0.94433284,-3.0907917,-4.8364015,-2.881706,2.4001124,-1.9374807,0.86487406,-6.066097,-12.281329,-0.5719993,1.9227805,-1.7592036,3.1628888,4.935136,-2.1656451,-5.85655,-6.63823,2.9499326,-6.507596,-6.0668454,3.528607,8.058242,2.0394297,-2.172548,-5.3101745,-0.89330995,-5.503917,0
-15.360881,-2.318868,12.043028,-9.212861,7.140844,2.5917501,7.790331,1.214394,5.6932516,-8.441089,4.9066257,-5.396424,-2.573705,-1.436555,-5.377589,1.9766015,-1.1116539,-7.076558,-1.8509364,4.271722,2.859089,4.7902474,-0.24509084,-2.9274096,-3.2273214,0.9523674,-4.6758323,-1.2280483,4.6004233,3.1100128,0.10411419,-0.10813101,2.4373662,5.678686,0.73386747,0.6606719,-1.0026697,0.74728733,3.3917456,3.722744,2.867988,-0.3118622,-0.7817241,-0.54208046,3.2202542,1.6402144,-3.6374874,-4.5214415,1.5268728,1.5458996,0
-14.283026,11.3955765,8.728227,-1.2239841,-3.203406,-0.9043784,2.5183015,1.3351767,-9.255998,10.670081,-0.909305,-9.554041,12.096776,-7.1362157,1.381302,2.0000823,-16.377298,-3.0811908,-11.19411,12.500255,3.0275185,5.0005064,-2.9781675,-5.134931,-2.5667784,8.138073,2.0838737,-8.5379305,-7.879755,-1.4208783,-7.9076276,7.927783,-10.505068,3.2963831,-4.268822,6.971105,1.9733453,10.381874,-0.36223787,-8.307252,-3.5977392,3.212826,-6.10151,8.2514515,-11.764887,-3.4134808,-4.3758616,-1.5855863,-3.1949227,3.9440408,0
7.3166986,1.629177,-3.0631852,8.497692,2.912207,2.362537,-5.736205,5.8993626,7.584415,5.079627,6.686263,-3.5474436,2.4712234,-1.8414739,-1.0018334,0.677564,-4.496269,4.4805045,0.81119585,-3.5469284,-2.9171464,0.085479476,1.8738174,3.4765446,1.8926444,-1.6015246,0.15567328,3.097052,-0.16480693,-2.147055,4.0867815,2.2736428,1.1227361,1.2213401,-3.2655776,2.1804988,0.11153708,-2.391119,1.5095979,-0.38667646,-0.5644725,-3.1045494,-0.8159835,4.4868517,1.9229827,0.45834997,2.3172395,-0.7577534,3.3540964,-1.1802473,0
2.481706,-9.439952,6.3470745,8.239665,1.4940652,3.656172,9.321633,-1.1030827,2.3402753,-5.3643327,-1.5014397,-5.384803,14.665523,-5.417457,0.7571272,5.2268744,5.9662848,1.0321678,0.14999391,-1.2478771,0.54041284,3.362567,-1.4118347,-0.61707044,-2.256686,-0.6680917,-0.16980499,-3.2221637,3.923544,1.0399368,1.9946755,-3.6470644,-1.9206595,2.3242724,-2.8190951,0.94969213,-2.987865,3.0724216,3.81433,1.1802632,-6.91954,-3.1697278,1.9730753,-3.9969456,-0.61295843,1.401743,1.3388313,0.83138394,-0.39585274,-4.0185347,0
-19.72563,-9.709208,-2.3423908,-3.6412153,1.4817637,-5.1755133,-3.9920046,1.9665357,-2.1117818,7.4709134,4.715332,0.817789,-4.5570865,2.2678216,-3.7646065,0.27852714,-1.2095661,-8.581636,2.3229485,-5.537796,-0.8560206,-1.4382591,0.8369284,-1.6444335,-0.48042238,-0.12288267,-0.7933398,-2.2666304,-3.7395935,-3.9949627,2.7282374,-1.2257172,2.0929828,0.4586569,3.797806,-2.492952,1.3209227,-0.40666187,0.27251154,-2.120378,-4.113156,1.075603,2.0635183,-0.62731725,1.0170522,0.58849764,1.5511135,3.0593963,-3.263376,4.3640766,0
-15.909334,-10.565022,2.2943528,-4.980712,5.8516374,6.0985937,1.1991625,7.727371,4.9386787,-1.864121,2.6135793,1.5321062,0.89241767,-0.040452287,0.84292054,-1.7459207,2.5898557,-4.8449354,2.9596043,-2.219543,0.35575634,3.402242,1.4863241,0.44956097,5.0628686,4.4958487,-2.6666887,0.66936404,-3.1539636,-1.5249637,0.035325326,4.2284803,-0.20388865,5.4844317,-1.8150136,-0.7027134,-1.4223046,-0.66168976,3.06681,0.36360395,2.5302837,0.055933602,-0.13224238,-0.12476752,-0.0029499233,-1.1473637,0.28385398,-2.6824508,-3.0201015,2.616001,0
7.184988,0.042036626,0.31239268,8.415877,-13.669189,1.3840461,15.504943,-7.3280973,13.67324,-1.9537954,-0.8536802,-7.8601823,-6.3089886,5.5187273,5.061254,4.166496,5.351005,-4.465434,4.9760942,-6.095251,9.452184,-1.8595077,-2.1074517,10.643719,-4.3801923,5.2770367,8.183646,1.7303528,-3.3255537,-10.789957,-1.7270193,-0.7081479,-5.0413885,5.3771176,-3.018415,-0.43017742,-6.0317936,-5.445127,4.9038873,-6.573513,-1.2446202,-2.2638826,4.573709,0.2490945,-2.687142,0.06165559,2.152294,5.461088,4.5398,2.6148345,0
-5.392733,15.387756,-9.391512,1.4613266,-0.5838015,-3.6424525,-10.830325,-4.403788,2.952139,4.9186087,-6.8464327,-6.564937,-2.5624287,-1.5416751,6.776847,-8.217868,-1.6070999,3.2853572,1.4293205,2.1382773,-0.0044147163,1.5838267,-0.12458357,-4.821319,1.1598519,3.9320574,2.7013395,-3.1239228,-1.810336,-0.8823906,1.9867855,3.10472,3.903824,-3.438346,-1.6055348,-5.4080806,-4.233481,5.2427573,-3.7426174,2.760666,4.3582816,1.730925,6.4900284,-0.35668147,2.527418,3.9121542,-5.6238194,-1.8033824,1.2428074,-1.9160919,0
4.27451,13.44862,9.318098,3.1395156,3.791166,-4.315952,2.0949352,-3.010226,-1.9487183,4.3878484,-7.572316,6.5471087,-1.4969612,-0.7364658,1.674742,11.300432,4.0694895,-2.410644,1.4119459,-11.313776,-8.502196,0.2197656,1.8577194,-2.3552983,-1.3067007,-5.426366,-2.568814,-0.11218171,-5.3327975,-5.426383,-2.9783247,3.956928,2.254495,4.2030797,3.308809,2.321759,4.4752903,-3.9696717,-1.1663153,-2.2090902,-1.202018,-0.22225536,2.2795327,-0.87358946,4.4987135,-1.4774791,2.1083307,2.0723844,-1.1372368,-5.839629,0
2.750172,-5.890359,-3.5670593,4.5599723,4.5667357,0.9446171,8.208446,-1.2523538,5.441394,0.27491525,0.7593618,-6.3124256,1.8991735,-2.1654177,-1.4370347,-0.5985435,2.2695107,0.9674431,-1.5275489,4.089127,0.7129057,2.9070897,-1.008714,-3.1442618,-0.6717106,-0.37954268,1.8251445,-0.8308212,-1.6465387,-1.6960301,1.9434862,-1.0820646,-0.52148455,0.3930052,-1.3461034,-0.84775436,-4.9319615,1.3753693,0.21476775,-0.6737292,2.9457233,-1.9411839,3.50729,0.7180017,2.2600906,0.6253914,-1.6998353,2.7718148,-0.6135961,-0.27464396,0
-11.199224,-7.8045373,6.9955444,3.9284213,5.7280293,-0.17363809,-0.04707175,-8.605137,-5.39985,1.0370977,5.9973893,0.26879308,1.0613523,-2.9593346,-0.03715431,-0.2834833,0.3859629,5.5658484,-1.4843032,-1.7508469,0.055123195,-2.123011,-0.33121938,1.905119,0.8722671,-3.0120282,1.2805252,-1.970751,-0.83861786,0.6743756,-3.5465596,0.13500734,-2.9165885,-1.5233434,-1.817078,-1.2006022,0.8441469,3.0373647,-1.6854179,1.8930556,-1.7053397,3.2958539,-0.528424,-3.9753644,-1.0060736,2.4021559,-0.86557275,-4.43712,2.3935146,-1.0131911,0
0.15331426,-3.5183249,-1.5896195,-9.614009,-8.008931,-7.954944,-0.55844903,3.085296,-6.999035,-7.6510186,-6.322771,-3.033061,-2.7710223,6.430567,-3.6136088,4.131105,-4.268765,0.037621956,-3.109852,5.9380736,13.428664,3.8048692,-4.886105,-8.282363,1.4762447,2.6596625,1.0886345,0.99523586,9.769398,5.132486,-3.1459475,-5.8993526,2.1262326,-5.313125,3.5124605,6.893615,0.7997777,-0.6392256,-0.004150304,0.1779483,3.6915324,4.7243276,-2.7721796,0.24250728,3.0215385,6.236385,2.5047612,4.302596,0.33215016,9.91311,0
8.928511,-2.754903,0.013847948,-3.3421178,8.727716,2.5565317,-0.56832916,-5.363899,-8.844722,0.6221048,-0.7566238,-0.40414214,0.6069415,1.1585464,-6.066819,-5.8062034,2.1928942,-1.0300821,-8.361912,6.9258676,5.815113,-4.331182,-7.2554007,-0.09899696,4.1660404,-0.7063805,-4.0971613,4.736939,-0.26677892,-0.29766867,4.6795015,-0.6393589,0.82785577,4.6214385,-1.0450902,-3.806738,5.2447786,-2.5242262,-1.5277058,0.48206618,1.000454,-0.8137552,4.0750704,-2.343093,2.7395766,0.65098065,0.8370091,-2.2386289,-1.3716022,-6.4758654,0
-4.0108547,16.761122,-3.914289,10.686135,-19.505068,-1.9686451,-6.4613743,-1.8087338,-2.6230195,-3.2890973,2.2667549,-6.400831,-2.9779742,-3.7902346,1.2045141,-0.1000431,-0.78752667,-2.006827,2.1762176,-0.65407825,2.5797777,5.788902,6.9248195,0.9898524,-2.2351832,7.7358913,1.8801332,5.895665,1.7065351,-3.6199694,5.370872,-3.6562095,-1.5186423,1.4470814,-3.1692295,0.93835825,1.133509,-3.6425798,1.9402685,2.272102,-1.5456012,2.5437539,1.6967294,-8.960848,3.1483681,-2.713351,-5.9204774,-1.9427418,0.11800066,0.7645755,0
-2.6511364,2.7097793,-0.63932675,8.91855,3.6699162,3.7212675,8.666911,2.885339,-3.1844327,-0.894255,4.3326006,1.6702511,-1.4116467,10.009509,-3.4682975,-2.1741781,0.9601507,-3.6220157,-4.788044,-0.40509447,-2.437884,-0.76430756,2.1139722,0.7958906,-7.6558685,0.45699224,3.0867803,0.69480467,0.41597995,3.5966628,0.07376525,6.1190434,1.2268877,-0.58842754,-1.4822208,0.4238702,-1.3192811,-4.2867174,-0.56404567,-0.8101081,2.0801163,-0.10968834,2.2893348,0.87444365,1.1635509,0.19169083,1.1783314,-0.06538564,-0.08036939,-2.2557406,0
10.229,10.43909,7.902048,0.87915444,11.639184,-1.836407,3.0143256,4.6310678,2.1070237,2.427639,-0.07584119,10.666077,-6.0591826,9.179579,5.471141,-2.0582266,12.877331,2.191512,-6.0558724,3.6315084,-0.081547245,3.520919,-0.7162327,-4.7981358,-0.6625212,-1.8199944,4.4927454,-5.9463973,-3.0914397,3.4600306,-1.6556869,-7.5505366,0.64225143,4.290598,-3.6476402,1.979836,-2.273853,6.4838386,0.3791789,4.9205103,2.088531,3.2185223,3.315855,0.085068606,2.1718657,-2.1754315,-0.12988721,-0.8646645,-2.691948,2.0899477,0
-4.6221046,-4.1170926,5.4873247,0.101250134,5.1170225,3.2588177,7.1415906,0.9214349,4.9553647,3.5532486,6.7224746,-0.9352778,0.72925365,0.3659243,-2.0171418,-2.1038709,2.984486,3.6954942,-1.9273183,2.7359114,3.587759,-1.2391721,-3.1251187,3.0270135,-2.9604087,0.25160986,2.260796,-0.94839907,0.4701517,0.20376042,-3.3939998,2.3912652,-1.1800296,1.894752,-2.3834622,-1.7966825,-1.0320486,0.9872773,1.0896081,2.4467707,-0.27497467,-1.4550917,-1.9568601,-0.82746196,0.74673754,-0.35298187,-1.2614744,-3.6154735,-1.6626579,-4.378702,0
7.426646,-1.3077947,-0.18763323,13.945357,0.08102782,2.1573308,-0.6429891,17.061487,6.15921,4.478677,0.82264316,-0.5722209,0.468304,0.13896364,-4.85237,-4.042118,-2.5106242,3.043848,1.6017027,-3.5767195,-1.0381426,-4.7824454,0.92565554,-2.1001847,-0.830882,-0.71431357,2.7114584,1.8385383,-1.6809413,5.2863836,-2.092163,1.5755292,-1.1563897,1.4592355,0.0047705052,0.94974226,2.418922,-0.6311715,-1.5720874,0.15076302,-0.11820585,0.2835223,0.434675,3.94259,2.2059727,-2.9399374,-3.4461327,0.22914536,-1.9095459,2.5404236,0
9.473985,-1.5270785,8.52286,9.410096,-5.6278667,2.557357,5.4630184,9.190803,-0.76837873,3.7895901,4.5296936,-7.392072,5.1991754,1.0533122,-2.3270879,-1.7978653,0.087670535,6.9236584,3.0107303,-5.9858375,7.246753,9.00472,11.13329,-1.1497508,-0.7912527,-0.07488785,-3.219576,-3.6613896,6.253103,-2.3299282,0.6070364,-2.3248386,1.6040183,-1.7650207,2.641956,-0.6520911,-3.2269442,0.06157589,-2.4059823,0.21924537,2.2744575,1.8162918,-5.5828676,4.3155823,2.2693174,-1.0583266,-1.8417947,-1.4617752,-6.3481073,-0.34298885,0
-15.911949,-12.075515,0.7843179,8.872452,4.2220407,-5.908014,-7.879431,-2.4318008,-0.82411325,5.90187,4.5272775,2.3125021,-3.7772446,2.1701908,-5.522898,-4.6402583,-5.111674,-7.0710077,-0.7996993,0.98560154,1.2690955,-2.1198733,0.54626346,2.888544,0.10720321,-2.7112565,1.1063247,-3.3070526,-1.309017,-5.9629354,0.34107038,-3.1282668,1.9159471,-2.658361,-0.342249,-1.8295126,3.1751673,1.0769407,1.7943667,-0.5127562,-2.1852717,1.4265387,2.1009746,-2.1094267,-0.32350308,-0.19737162,3.1672878,0.99273103,-0.6489714,2.3247054,0
1.7772918,-3.0758972,-2.0070462,5.2783685,8.251481,0.75735736,0.13072701,-4.6489506,1.6759294,-2.1207721,13.885273,-3.1276019,-7.9503355,-0.176042,3.3635266,-0.12237982,-3.2572162,3.55665,-0.09338947,-0.5393396,1.4264019,-5.1221023,0.31399634,1.8231044,-4.368952,2.0310192,5.194777,1.1194254,1.2218577,-2.8008604,0.13390866,0.95946974,3.0208426,-4.61896,-4.32064,-0.030013433,-0.3713521,-2.2153916,0.8318493,0.4589296,-1.7157297,0.013737139,-0.8548873,1.1659706,2.1495836,1.4427431,-0.5209161,-0.8451951,-2.428424,2.5151846,0
4.542365,-5.0910587,-1.7214788,7.6066966,6.452676,-2.2315373,8.038088,4.260402,4.1295023,-2.4433274,-1.5679611,-0.9897542,0.8711732,-3.257823,-3.7881875,1.785478,-1.6309744,3.6174514,0.86987185,-2.3075068,-0.019079214,-0.5485923,3.8520522,-1.5224854,-1.4565015,-1.7517183,-0.46816707,-2.8517644,1.0550605,-2.7123451,0.10620739,-0.832137,-0.37635288,2.6689594,1.3336396,1.2953069,2.9937923,3.041399,-0.36871982,1.3492886,1.4100237,-3.4226263,4.464895,2.193242,1.439015,-1.286809,-0.78973854,-0.8014464,2.4936461,-1.0445462,0
-3.3328722,9.554784,0.8479702,0.8265063,7.962615,-0.1622805,1.422728,6.5997686,3.1326945,-4.2595906,-5.9583097,0.13774773,-0.77487653,0.5127851,-2.658467,1.394035,-0.9999434,2.0766082,-2.9394577,-3.1517842,-6.7301507,2.6248364,1.5443927,1.4159514,2.1550326,-2.1509955,0.9990585,-1.6079327,-1.8073839,1.6118122,-4.1353393,-2.4034715,4.30216,0.19452327,-3.4202552,-1.3500166,-1.4607414,4.21992,6.545665,-2.3304648,2.90194,-5.476642,0.85683596,-2.6470191,1.0518055,-2.8375244,-0.70179534,-0.30532706,5.190009,0.06699115,0
-2.621972,-4.8097925,-2.2851522,13.740327,1.3397155,0.50021,2.7176406,-2.2977154,-6.071953,2.1137483,4.402299,-3.7263625,-1.4333081,0.04162086,0.6379445,2.1901598,-2.947416,4.121532,-4.2147064,-3.0328114,-0.5868106,0.9146112,1.8093817,-0.1473232,-0.40603888,0.124645635,0.52886015,-2.4478045,1.1563956,0.3723661,-0.31215915,-0.3213648,1.2358322,-1.2043352,4.31548,-2.5710475,0.039313182,0.024513865,-4.67975,4.8161197,-0.46584317,4.308492,3.4133615,0.08823969,2.9032025,-1.5314801,-0.20918392,0.33327168,1.2967534,-1.5155474,0
-11.245514,-6.1114616,-10.951867,-2.9663274,4.828285,-5.4778223,8.734951,-2.320202,0.8080019,-1.0703008,-3.4808745,-5.010397,0.47271177,0.41508988,0.8016735,-0.7804327,-2.4962244,-1.6536082,-2.998782,-2.2568464,-6.602366,2.3116908,-1.4135956,-0.24024314,2.2132752,-4.5159016,0.3297832,0.32842234,0.34715447,-2.081694,-0.18597792,0.6753007,-2.7746665,-0.6710391,-0.14167492,0.9640575,-4.493703,0.004238113,-3.1506991,4.430403,1.7973915,1.4370542,-0.35306492,-0.31434157,1.1041497,-2.0105433,-0.13602428,0.31562603,0.019658728,1.560831,0
5.425247,1.0078243,1.9858822,12.621681,-11.667851,-7.9024463,-2.6010697,5.737889,-0.37030238,4.6563635,4.4240866,-5.999925,-3.6930423,-6.7561207,0.8904008,-5.1026063,-8.934568,6.0670652,-2.752953,1.1211926,-8.107833,-1.0436585,12.331761,-5.2357078,0.5799995,10.120659,2.4408984,3.7044106,-0.6686282,1.6859295,6.2310705,3.17446,-1.7557505,6.5372114,0.68286794,8.07195,-3.207579,1.0729543,-0.24012193,6.4358954,-1.943146,-4.903569,-6.6148615,4.3822837,-3.4213858,1.6246524,1.8512847,3.4123845,5.370378,-7.3841863,0
-3.8981054,-8.06617,-20.127325,-12.22974,0.25746036,-11.994067,-3.4533508,-2.1263375,1.4630306,-1.0411975,0.31993443,3.5089085,-3.2997024,-3.190274,0.51488036,2.1523254,-2.4784026,6.519779,2.8550944,3.1303215,3.355068,4.5176296,-1.0493035,2.1997952,-2.0549107,2.7194822,-0.2343301,-1.7997833,11.405624,1.4925251,0.20569584,-0.55083287,-1.6549478,0.9954865,0.097371124,1.0264344,0.40404576,3.9473574,-3.4947577,-4.973253,-5.508123,0.083918825,0.6160389,0.900131,6.327072,-2.1822295,-1.7590431,2.2877228,1.4439199,-1.2060992,0
-1.0252082,0.35304937,11.922604,-4.369041,9.241314,15.823846,-9.606646,-0.032087777,-0.5604852,-0.6618386,3.8798182,1.1780114,-3.7520907,1.3606786,-2.8593729,0.68550915,3.902243,-3.8028765,-13.273731,2.5737834,-1.797786,5.3506446,-2.7630177,4.8616886,-6.615851,9.227866,-0.95712364,2.519557,1.3244927,-1.6572255,-3.318817,-2.4533188,1.9249619,0.67571306,3.9725795,-3.9483862,-1.655775,-2.0161717,3.845374,2.2042363,-2.22922,0.74668175,0.86182827,1.7768874,0.64792424,-3.9517589,0.75262254,1.8359208,-0.5233571,-4.1912174,0
-5.8103085,2.4163754,10.960966,-12.362765,-1.5520173,0.84164727,6.876351,-9.8343315,-10.122847,9.078789,7.9199457,-6.8904867,15.315749,-1.1580828,0.9542794,12.832917,1.7738743,-1.5490288,-0.37940547,-6.3730607,6.135406,-1.2151797,-3.0319257,-19.687885,3.4239695,-8.244054,4.195907,2.7276685,0.13720913,-0.8992684,2.2198174,-2.7391207,5.392386,-3.806129,5.286646,-1.2523813,-6.2809,-9.623353,-0.3766321,-5.4658513,1.0925217,-5.0748634,-3.0883608,0.50489587,-3.096254,-2.72664,-0.21166313,4.1233706,0.98744273,-0.17478183,0
-3.9787738,13.902509,-7.854336,8.743315,-11.96524,-1.8563446,-10.937493,-12.475149,7.8221374,3.7383869,-4.326847,-5.0886564,-1.4067823,2.2603788,1.907501,-5.5583115,4.311131,-1.9657772,8.873419,-2.3803792,6.1369586,14.155362,1.6079915,2.9121656,0.6988787,4.817969,0.1621708,3.6956172,2.2571487,1.0856407,-1.3829745,1.3472925,1.3010844,5.7202454,-1.0562114,8.983159,0.40473396,2.8109999,-0.88099533,-2.0062144,-2.5442607,-1.4445323,0.3157666,0.91623586,-5.860983,-1.5362414,-7.2121177,-1.5384474,2.7887795,-1.0228038,0
-7.8768306,12.9156065,-7.1663494,4.0864434,6.0654054,5.15971,-0.40925905,-8.593153,5.6283965,3.5992746,-3.9817364,-4.2512856,5.6070566,-2.8351617,1.0918558,2.3101907,4.9367843,-1.1926743,3.242084,-0.6343961,1.7383173,2.1553187,-1.3413024,1.0592035,-1.8794385,-1.9224128,-3.3734045,-4.6083484,-2.3835113,-0.8274626,-1.4104433,-0.39495254,0.52729183,-4.097336,0.6326074,4.977244,4.210853,0.42728245,0.5497772,1.2820269,1.561902,0.40343764,-1.399552,1.2555214,-1.7257043,-1.122715,0.14742407,0.8871226,-0.7108252,-1.9896929,0
-11.115614,-2.1782825,3.349259,1.6210145,2.574477,4.9503455,3.9634526,-5.9730515,-9.838869,8.145097,4.8807592,-5.1827164,2.6506305,-0.79782856,1.0442023,1.927857,-3.7950017,8.392156,-3.5880659,7.381908,0.60714763,1.1372339,-0.47793338,-2.677607,-0.068201065,1.9411374,0.16447614,-5.1337953,-4.4628577,-7.3626037,-2.7445393,3.1847095,-3.201154,-1.4075432,-1.8033924,0.80151194,3.5681264,5.7911954,-1.8017337,-4.164985,-0.72544366,2.6955802,-4.8738017,2.5604997,-3.071974,-3.6984627,-1.329046,0.21749315,2.0601766,-0.7662026,0
-2.9583263,10.231722,-2.7885406,-3.7464056,-14.607902,-8.427649,7.2188616,0.79244584,3.7689939,-0.14220552,-8.195705,5.5290112,1.2668537,1.9325712,-5.6553555,9.623104,-8.362239,0.14810397,0.13959846,0.46365047,2.269191,-3.9987123,-0.58319443,-1.0143735,-1.083746,-0.05624106,-9.386,4.164617,0.31705874,-6.0443554,0.52378154,-5.963935,1.9652011,-4.498811,5.5326943,3.3753943,-2.9276273,-6.601907,0.2214661,2.843932,-2.9835336,3.8899436,-5.8462996,-2.2919364,2.1749837,-1.1753745,-4.0102377,-3.7549968,0.6685953,3.126334,0
-13.825405,18.385944,-8.839273,1.1318533,-11.010365,-6.313769,-1.1415687,-4.008357,3.9878623,-4.3696456,-6.4652634,5.3556128,4.167411,-4.021354,-2.851838,-1.4445734,2.7935066,-3.1044023,-2.295958,-0.6199199,2.9588773,2.758376,-2.575487,0.4223713,-2.4078455,0.5175857,-1.5741454,1.6940669,1.0400819,-1.4307709,0.92275316,-1.6841831,-0.80786747,-2.445686,1.7967064,-4.257422,-1.6641805,-5.121331,5.817058,1.4320389,2.9413507,0.047473606,2.6335232,0.037808135,-1.5102847,3.42881,0.011807564,-3.2964287,-1.1297816,0.7688703,0
3.5462167,1.2922028,-6.984947,1.8623676,8.45119,-4.698324,-2.688537,-5.7845597,4.594722,-4.346944,10.059808,-6.192095,-8.924933,-8.755417,0.26206654,5.264089,-1.1294798,-0.7832328,1.6900095,4.269155,-0.97481215,0.7878492,-3.6306627,4.856745,3.0991268,0.23822685,-1.3309677,3.7393627,-0.64729524,1.9513024,0.98159033,-1.2024229,-1.6689684,-1.0930192,1.0472013,-0.90579677,-0.5859464,-2.8161495,-0.6183643,2.874306,1.2642865,0.8059068,0.5955889,-3.1481366,-2.3240588,-3.328771,-3.185987,-0.306289,-0.50066435,1.4937919,0
-15.004812,7.226743,-0.1492219,0.86715347,5.8922076,-3.2378037,4.8212786,8.422581,1.0124058,0.26985383,-6.460296,2.4592724,-0.7050248,3.1627755,1.207064,-1.7608263,-2.0328856,-2.5460722,2.7222555,-0.9486801,1.2706438,-4.192844,0.32008067,-0.69744325,-0.94592994,1.1237727,-5.399769,0.13183701,-4.143956,0.28850102,-2.124137,0.7799787,-2.3626208,7.047317,3.0924091,2.9573827,-0.73439306,-0.37538597,1.9184744,1.6332865,3.168207,0.50625926,2.8431156,1.2959495,1.8266214,-3.615694,-1.0833606,-0.69828457,2.7099695,3.4844506,0
3.1545577,-6.99734,5.574688,2.1893778,-0.112380795,8.876432,11.29146,-4.1530223,13.186909,9.578697,1.5979465,14.480367,6.375787,0.68182397,2.9446917,-0.71700656,-9.218253,0.18245162,3.4229338,-1.0235959,1.2294797,1.2595145,-6.054149,-1.6187042,-2.389391,0.3097777,3.603227,-6.9978833,-5.4578657,-2.0765953,-7.473527,-1.1828135,-0.7360786,4.3948417,-12.659269,2.766211,2.502674,-5.487924,-7.523601,2.5019138,0.65853804,5.0537553,-3.0998704,1.3354,1.6856054,6.625345,-2.4351318,-0.7817401,-7.926345,1.3851156,0
-19.327087,-4.2390614,-4.307931,-8.368809,10.498182,3.6153004,2.1308062,8.424332,1.8012391,-6.068545,2.7369952,-6.4554,-0.20746864,1.9173745,1.8049706,1.3604989,2.5534933,-1.4578903,1.487687,-0.30222684,-2.0149894,2.275128,-0.24216644,-0.39492404,1.8057907,3.6826258,-1.3906349,0.34651878,-3.9112165,-0.29551572,0.41127834,4.2920375,-0.3456341,3.6566226,3.1402555,-0.67386264,-1.7237289,-2.7006018,-1.0783656,1.127482,-1.9359722,-1.4399151,-2.3814638,3.0410333,0.29134497,0.7651138,-1.5777966,-0.54151905,-1.3470064,-1.1167313,0
-1.2940416,7.5203457,-5.3631845,-1.60901,3.6643252,6.154071,-1.7312346,6.9539156,2.7689188,6.9893913,-9.8283825,-1.7537166,2.796662,-5.830082,-4.655898,-3.1295073,-3.6351023,-6.1586175,2.391339,-0.25311592,3.1136672,-3.3056827,4.2617006,-2.680829,8.194745,-0.8774407,5.1121564,-7.9486785,4.265295,0.43395758,-1.3384873,-0.7872455,-0.9786665,-1.5705379,2.908833,3.0869265,3.1141782,0.41330117,-2.9750385,-0.20657857,0.57641685,-1.3985889,-0.90599287,-4.272683,0.43581638,2.3487759,-5.538943,-1.3570111,-1.400506,1.0141236,0
-15.062473,24.228214,-3.1987686,1.5279777,-3.9514318,1.7843231,0.62232906,-2.6040921,0.7193514,-2.736066,-2.8098285,3.034028,6.8369946,-10.450985,2.6901646,-7.4119477,4.0533576,-2.4790266,-0.610224,3.3433948,0.15561962,-6.805742,-2.3117416,1.5054752,-5.448118,2.4829583,-0.4151219,-0.7200381,-0.4431424,-4.615079,0.13229483,-2.548297,-0.50407606,-3.9797115,0.06994098,-4.336164,2.1318588,-0.87606496,0.85821086,-4.1132007,-1.6281977,-1.1975929,1.7817669,2.5371978,1.0063124,3.791544,-0.52812076,-1.980703,1.1014563,-1.2615805,0
-9.17885,-6.7871833,-1.4037963,8.967702,8.996172,0.5576104,1.2859174,-1.6356975,2.1917784,4.4435883,5.447395,2.7445185,-0.1991272,-0.33958855,-1.0788188,1.5751717,-1.0930396,6.358197,-1.6078423,3.784185,-0.9996496,-1.5793453,-0.2561785,0.44954953,0.7652883,0.052739125,-0.86556894,-0.9766361,-0.0003670745,-4.005939,1.6005877,-4.3288474,1.2800372,-1.5446795,-0.63328123,-0.08045575,3.4252586,4.05866,0.23947212,-1.0208483,-0.7799149,-1.6614629,1.3186481,-0.7320531,2.3075557,0.6525237,1.2626867,-1.6651684,4.9186373,1.7481796,0
5.8021417,-2.7643437,15.499127,1.14099,4.491777,16.039057,-7.7220283,-5.5629053,2.1386616,-2.4556322,-3.407603,-2.411342,-2.9366455,4.1153803,9.748607,-3.8370159,4.740777,-1.9777254,-5.3197308,-6.922936,0.9111184,-2.0284712,-4.5960574,-12.752358,-7.587871,-1.7777218,2.0160606,7.1477056,6.9943485,2.3852506,2.2787213,3.8694315,5.188696,-4.5187297,-3.0449,-3.4521968,1.713042,0.22927277,8.773819,-3.6556532,-2.3889246,-0.13002475,-1.5676234,0.16010632,0.43098474,-2.609403,4.581694,-4.426276,-0.7225304,3.6857715,0
0.7712172,3.6423173,8.347076,4.1963515,3.8790648,-1.3334117,5.7706957,9.545495,-4.081809,-0.14280261,6.3052707,2.6009758,1.3433019,5.109407,0.2221967,-5.4130654,2.8551848,6.623611,1.0737239,5.5163083,2.476251,-4.4249763,-0.50619733,-4.072735,-1.3606946,4.5600944,6.6997266,0.2054303,2.1431959,0.021686973,-3.0501597,-0.17752649,-2.1712987,-1.3845967,-4.1312184,-4.0417886,1.590104,-4.616216,0.08355891,-2.1286051,0.15720992,0.036521662,-1.7068901,-4.4185104,-2.7173097,0.7114538,1.9968,-5.0492854,-0.9699919,-6.0771365,0
7.3003774,2.6637502,-6.2426934,-7.4162145,12.312002,6.8278403,-4.2596517,5.907545,-2.2857027,-6.298041,-2.7666912,-1.0907296,-1.5025816,-2.0713708,-1.5427374,-1.9845414,-3.5189197,-4.821304,-12.67707,3.0374143,2.1900504,2.7669616,-2.5836453,-1.8952544,-3.5147057,0.5464179,3.1765804,0.39085856,-0.9544026,0.8795056,-1.396783,0.7097324,3.8884015,-5.222692,-1.9610901,-0.76555336,2.0498183,-4.507621,-2.9269605,0.9195531,3.2160146,-1.7909763,3.1868236,1.0076755,-2.8746471,-2.9113078,0.8819746,1.7371347,1.6521488,-3.6728344,0
0.50263274,-0.72955877,-1.5669327,1.201961,1.8009033,8.434733,-15.744273,-3.5800264,2.7534938,1.6955254,-8.523948,0.32267344,-8.263194,-6.501361,-3.7434905,2.2783654,-4.5071607,1.795698,-12.458426,3.1006808,-0.00058535166,2.9790535,0.9407055,-6.549554,-2.573108,2.4901824,2.1705735,-2.2227573,1.6507986,-0.01409214,-4.1062455,5.0949154,-0.796221,-4.853915,0.7195269,1.4430354,-1.3696796,-1.7343658,-0.052203204,-2.7426457,-0.14223793,-4.334021,-1.733272,1.0998026,0.86799574,-2.471158,1.914736,1.5390589,2.7852907,2.3657744,0
-8.251662,23.713486,6.1801753,1.6237847,-8.7919,-2.5382972,2.484503,7.346643,-4.972444,6.0297017,-5.0952873,0.3210963,9.994037,-9.708323,2.4395282,-3.4798572,5.6326156,-3.8203526,-1.3286031,5.853347,5.664097,3.3538496,0.105583675,-0.30165884,0.9216628,5.9010744,1.8654584,-0.2537191,-3.4529448,-0.74265814,-1.7411851,-5.1981354,2.1146696,-6.1372094,1.3182781,-2.7310646,-2.278428,3.3408775,3.8203776,-5.3168344,3.5954688,-0.46200362,0.57885826,-1.9792624,-2.8995988,3.8573697,-5.6063004,3.31744,-2.8050647,4.5984664,0
2.0559409,-5.191391,-2.0328512,3.3179893,2.4958825,3.2352257,3.597623,-3.433834,-9.112346,-3.7823846,-5.5389977,-6.1004176,1.9299189,2.8652523,1.2007976,0.8009288,-1.5476258,1.2142242,8.875057,0.037206862,-3.9233575,3.288014,-7.202954,4.763918,5.5924697,-1.8913585,-3.1498363,0.9802819,-2.0579138,1.3534837,-1.0581863,-0.9865628,-7.47054,-1.4879326,-1.9913886,-4.1508017,0.51344365,1.643706,1.4516655,2.0616496,-1.9220078,2.3780417,-1.8134722,0.33507743,-0.38104662,-0.19624792,-0.43365458,1.8000785,-3.8631494,0.8911815,0
-7.0223746,5.758559,-6.3450856,-1.33667,2.2540638,-10.237524,0.70218205,1.3106302,-7.870147,0.48992833,-10.997126,-0.35280994,-0.16026855,0.3872693,0.18788515,0.810131,0.4546021,3.5631337,-1.5735949,-0.48374432,-1.9214762,-2.7022934,-0.3618916,0.9856371,-1.411262,-2.9412684,-4.198209,-0.5023044,-2.518237,-2.88933,-3.768227,2.4871902,-2.0145545,-0.6959166,0.32512,1.7932006,-0.85723215,-1.1102399,-2.8366933,4.19131,0.3421489,2.4210877,-0.6822943,0.19424681,2.1183448,-0.86463505,-1.2487534,-1.8259869,-2.7150323,-1.5490531,0
-11.428331,21.632935,-8.496103,-8.419244,-15.884364,12.827448,3.0851376,-3.6515841,3.8748777,-15.765343,11.516667,13.071586,-2.4240034,-8.092736,1.5929931,-8.657434,-0.57850873,1.2829427,2.605885,-3.167761,4.2665105,1.0558988,-2.086046,-0.36158955,2.3927848,-6.8366733,-5.344957,-1.0798596,-1.3201243,-6.3181267,1.2188601,1.0851834,-4.074492,4.7339826,0.55222476,4.6825867,-2.3638215,4.9840508,-5.1293,0.36132196,-8.874565,2.7419136,0.9564801,4.268027,7.448587,-10.125731,14.621776,-5.093477,-6.0208178,-2.675116,0
3.34426,8.691821,-2.0881777,-0.07879017,-10.833666,-0.8528311,2.8340921,-4.22675,10.470385,4.7384815,-5.1746492,-2.0241954,8.755603,4.389176,-6.0557375,6.7552648,-0.41773644,-4.8014355,-3.5037594,-1.8475946,0.03389126,-11.863885,4.642518,-1.5290151,2.6960196,-3.0345232,-2.8754182,-9.833236,-1.487753,-3.149484,-2.4923327,0.6865608,-3.6935174,-2.5406318,4.0267143,-4.576329,0.21305898,-3.859647,2.8580453,4.743143,6.190319,2.013706,-2.4449022,-1.2787066,4.45405,3.9888048,3.9310503,-2.8439703,-2.7714286,3.5871394,0
-15.951492,-4.169612,-6.5545845,0.88927346,4.624056,4.879355,0.46112004,11.353541,-0.2412704,2.7564824,-0.13827631,-0.8099162,-0.599879,3.2963305,-0.00842927,0.5350687,-2.4819915,-0.39330187,1.990484,-2.4654195,0.10463308,0.60268664,-2.3612208,-2.2245383,3.3015845,-1.2426877,0.8806028,1.7657152,-0.8007629,0.47953677,2.427299,-0.67444366,1.4488833,-2.745099,1.9641876,0.3813122,-2.8536007,-5.51373,-2.5141375,-4.542484,-3.3949227,-2.4746447,-1.5975132,-1.4533608,1.4508389,1.7781537,-0.162003,-0.6757793,-0.19544931,-1.3140106,0
-20.041086,-7.7619967,3.8309987,-4.4629045,6.547853,0.07796899,6.901144,-0.4310187,-3.3874705,-0.42804256,4.651132,-3.5327184,-3.8630323,-8.269835,-0.47359678,-2.0523942,0.8186794,0.72865427,2.3783772,0.24742295,7.2958407,-1.5313147,2.130885,-1.939924,3.9675639,-2.2418153,-2.27447,0.29282218,0.38262746,-0.41593438,-2.6165895,2.2436361,1.3299942,0.4447125,-1.21847,2.4521375,0.12194673,-1.0082461,0.9696587,2.5627549,-0.39860222,0.57612956,-4.3329377,0.73077065,2.807494,0.6637357,-1.1173391,-2.7756684,2.5676465,-0.06477641,0
-7.050986,-6.6728344,6.681316,-12.091263,1.136863,-3.1167428,-1.9716827,14.873086,3.7981298,-2.4974484,0.051970493,1.1813194,5.269402,1.1729755,2.1186962,1.4511038,6.6916246,-0.7457523,0.038080815,-6.17908,5.095088,-0.11110061,0.36036152,-10.150243,3.2821476,-4.679856,-0.7021862,4.937533,-6.912843,-3.3740873,-1.9211907,2.9101884,1.7770859,-4.661576,2.5890713,4.212711,-3.80808,-3.2043068,-10.048839,-2.1974275,-3.9982598,-1.5306977,0.48473334,-0.2621358,5.343386,-3.9856465,-3.362586,4.243996,2.1232717,3.6586099,0
-8.27999,-9.874401,-3.5411475,-13.167408,-4.504632,2.5569057,7.05373,7.7492294,3.338868,2.3653064,-2.7738993,-2.3681262,-3.47942,5.194942,4.3488097,9.055007,4.053125,-3.2103324,3.5996325,7.5947766,1.6685773,4.693841,0.42458272,-0.97692955,3.2281718,3.2177365,1.8472102,-1.6246698,-3.0960069,-4.4778137,-2.1615357,0.93114394,9.283221,2.6053157,1.8596318,-2.1024678,4.5259986,-4.24729,-1.4725184,-0.8734264,-1.1478354,-1.3482556,-0.2004485,3.4311123,-1.5607378,1.3466929,2.9653745,2.928338,-2.0509715,-0.8324726,0
-1.8305633,10.672962,1.0214797,4.3370137,11.09601,-1.7949203,3.150344,1.5640575,-1.5793276,2.7164237,-4.285598,1.4498696,-4.7267275,3.1731358,2.9741423,2.2241304,1.7317823,1.8905926,4.0729685,-3.1874957,-0.60927147,-3.2176204,-0.64678997,-1.9256941,0.21738058,-1.6968669,0.90668285,4.615215,-3.630463,5.12201,0.060192723,-4.002717,3.6109176,8.289209,-0.15779059,-2.1643245,-2.3670764,2.1060138,3.7605073,-2.897689,4.2804217,-2.4200513,-4.24693,-1.6455708,0.5498586,-2.16063,6.428782,0.074294545,3.666393,1.827002,0
16.310667,3.9678535,3.9914358,-2.3586278,7.110626,20.93174,-19.759956,-6.7450857,-2.2438617,-3.546063,-2.3220024,-3.1808496,-8.661551,-0.6041985,-7.7618566,0.39247513,-6.24944,-8.535641,-9.669496,5.658884,-2.912437,0.28079718,-7.370852,-2.00639,-0.98158246,-2.3919296,0.5358606,4.4753137,-2.5493512,-1.315687,-2.4199293,-1.6152674,1.2900481,-1.7693344,3.6287546,5.1013713,-3.765044,-2.5143995,0.57841325,2.8640704,-2.9969828,7.3288956,-4.1617002,1.6385169,7.355076,-0.30577695,-0.85180485,2.0143616,4.5927954,-0.02239111,0
10.462508,9.466212,12.861929,9.543738,-6.2066956,-2.8663085,-2.3304555,-5.325559,5.6187053,4.8090186,15.851054,9.933372,-6.7827363,-2.8583784,0.91843283,6.4059134,-0.3169471,-9.200421,1.9155879,15.505401,2.9425445,-0.7129404,-2.7932563,0.3004025,-0.52301043,-0.6305666,-4.325097,-0.8917501,1.8574024,0.65654004,-3.6349657,-3.260654,-7.3942766,1.9425133,1.9539318,3.649028,-3.1020236,-2.7403452,1.4632193,0.086768486,-2.78515,-1.4569575,-7.40707,2.6782026,3.579467,1.4912274,-0.8122545,7.249835,1.8135294,-0.18498242,0
-2.7613556,23.829245,-0.61596835,-0.7220948,-17.921986,8.862397,3.451137,-0.06542724,5.579363,-11.180641,16.616108,14.497879,6.5123396,-3.4940486,0.9735922,-6.4372473,5.8400035,-7.0372896,-0.29764086,14.074935,2.0775855,-1.64262,0.08230407,0.9151313,-6.5695796,-5.5739913,-6.2913218,-1.4066958,-1.1546404,10.338682,0.69950277,9.150149,1.0085516,-5.4031267,-2.268072,0.32120496,6.43599,-1.0493504,-5.115962,6.6526237,0.34282392,-1.017602,-9.462054,2.3542042,-4.7709947,-0.93408316,6.0019617,-1.5069512,-0.88358194,-1.942039,0
14.004337,-2.515138,-1.827749,2.9459705,-12.153573,1.192505,4.8862247,2.2916982,1.548979,3.7551827,-1.9762386,-6.625779,-9.787906,6.627544,-2.8617356,0.5876158,-5.064198,1.1028372,-1.8787707,-0.77568054,3.447289,-3.8015661,3.9861815,5.3805046,-2.828843,-11.526968,-3.1956816,-4.240572,4.066956,-8.926373,-3.2737935,-7.771927,-2.4251094,4.3395576,0.1369836,-2.5497472,-3.4126866,0.29722464,-0.8976263,3.5783973,1.5251215,-5.275001,-8.4684105,2.852529,1.152647,-0.69904125,-4.465905,-1.7725205,-0.89878595,-1.852343,0
-11.273205,22.443796,-2.4295142,0.77456015,-16.83,2.735811,0.76651466,4.104263,-0.6089311,-11.357447,7.852286,3.6112936,2.2390308,-12.912336,-1.2333888,-4.43432,-2.210925,0.65737945,1.4304135,-3.8079944,3.3701484,0.9719036,-2.3319316,2.2066772,4.347099,-3.806774,0.76853603,8.1121645,0.033462584,-1.0984726,-2.6941333,-6.6202073,0.6494242,2.8949068,-2.6689444,-1.43564,0.7635023,2.0125728,0.70555854,-3.3056488,-3.3004367,-0.7454605,-0.99583024,-5.748145,-0.6570108,-1.0075872,6.7530665,1.2782272,1.1050172,3.1292353,0
-1.7240417,10.806647,19.904425,6.217357,4.1620927,-2.505408,-2.4958625,-3.300989,-6.425899,-4.174984,4.424273,-1.8016565,1.4317249,0.83050764,9.843351,10.852505,0.016862908,-4.0257535,0.09054082,-0.345758,2.597173,-1.5459886,-5.3583965,-5.246202,5.7799077,-1.4167376,-1.006243,-1.5363703,1.8816239,4.009782,-3.139364,0.32608,3.6402903,6.7974443,2.2654574,5.627039,4.7444587,-1.5174326,1.1492151,4.218804,3.856598,-1.1768292,-1.4296987,-2.7158508,-5.1418085,2.7146287,1.5343167,-5.662867,1.6417923,-3.49022,0
15.191575,6.2556906,43.83771,-7.914084,-8.447793,5.465646,6.747362,9.826901,0.82575834,0.93935084,-12.01032,5.0614467,-4.360641,-18.89325,-10.446712,11.080229,-7.228119,-6.21238,9.655371,-11.9882,-9.928906,12.7504225,-5.103827,-3.3268673,-2.5064127,0.7352307,-2.5922048,-3.4015286,18.86331,-4.0341797,-5.028818,12.323384,5.8261333,0.79417866,-12.63635,-11.2293,1.803702,0.05012817,-7.855991,-2.9778123,0.93134445,9.673207,-5.714277,-7.0648913,3.449482,-0.7592525,2.2933097,1.7246543,7.8076477,4.482166,0
0.052591182,13.906728,7.703993,2.6309397,1.791393,-11.299775,-0.8708399,0.9034254,-0.7317871,-3.773764,-9.650679,7.1245356,3.14871,7.10566,-7.041947,6.140699,7.86141,0.21969302,-6.689048,1.8273,-1.5462849,-9.88799,-3.6487694,-1.4306096,-6.31696,-0.64077103,-5.1074514,0.967604,2.9437993,-8.440892,7.9406548,11.135187,2.0718513,-2.9027724,2.0431366,6.455834,10.47911,0.5827726,-0.9730133,-2.2562754,-3.2445443,4.3790355,6.0114617,-2.401624,8.973479,4.0369,-6.1710052,2.6521387,0.8187961,-5.109398,0
14.872186,0.6070613,7.5722446,4.1041694,-0.45080966,6.9074426,-0.3345714,9.119914,2.9905062,-1.9512624,4.8779955,-8.814577,7.939768,5.5528574,1.5317777,-2.4426608,4.8629017,4.6509323,-2.5666986,-1.197877,3.394699,2.4753644,-3.6159647,-3.1631877,-0.8962371,-10.480675,-2.1080139,-0.73779655,3.6742663,3.7255285,3.4170969,5.758627,-2.8361928,0.48141888,-2.8524745,-0.23899284,-5.7478175,-1.493486,2.230982,-1.765417,-4.2928143,3.5608623,2.100893,-0.0981443,-1.167184,0.7432069,1.5090718,-2.9739826,-3.7894528,0.24716382,0
-15.152278,-9.509789,-3.431643,-0.93654066,-1.0490897,0.69908345,-6.087906,4.856649,-4.1791725,4.7804193,5.438449,0.6158169,-8.77996,10.0163555,-2.130028,-2.4440963,-2.0905118,-9.797922,2.6938338,-2.3709989,0.82965165,-0.73980653,4.8041844,1.5938858,-0.71337366,-1.8484709,-2.7527745,-0.43608734,-0.35563627,-4.4038744,-0.5046369,-0.9670067,4.769743,-3.248513,0.7815593,-3.6053138,5.004957,-0.5819518,-1.7018071,-5.065328,-3.36465,-2.6847267,-0.46908832,0.5935531,1.0962996,3.2523658,3.1459363,5.9384685,-3.4132726,-0.019045215,0
-3.8551579,6.9110866,8.803011,-2.1158905,-0.07704384,0.715557,1.289794,16.093794,-5.701376,9.770106,-5.058842,0.4021059,-1.2942379,-4.6297994,-4.4177537,-5.3296404,3.9814281,10.466308,-8.09494,-7.1123176,7.56362,-2.0067828,2.741343,8.988044,2.2250693,1.3389188,-0.97228366,-2.9050887,6.9298925,0.4560473,-4.790513,0.601229,4.215661,-2.475245,3.1348698,-6.0651836,-1.1616776,-3.4292088,-2.3524292,-0.20852415,-4.7516203,-0.38554555,-5.1690354,3.232428,-0.0432335,-5.6224117,-6.432808,3.6910846,3.2755737,1.5064378,0
18.675695,4.2243133,9.239024,2.199121,-5.154339,-3.5240932,-1.5714829,18.001434,17.917698,9.048479,6.447092,-4.9977455,-8.729201,2.655505,1.8813235,-1.1341814,-0.6412032,-1.2434497,9.244484,-2.8468804,4.426523,-14.306471,-0.042124704,-10.518826,2.3287957,-7.4338703,-11.220868,10.182552,-1.7454989,-5.646124,-5.274003,3.7275844,-3.2365105,-5.5833807,-2.4483945,-7.014223,-7.141822,14.388589,-0.29007554,4.97316,-3.714694,-1.5458505,-0.93622917,-4.8268185,-3.4583898,-1.5788523,-4.578472,3.6726203,-0.77933574,4.073893,0
14.819183,3.8465486,-1.7660645,6.136806,-5.327308,-2.4556055,3.0430532,12.258667,7.718003,3.6850922,7.035871,-1.5548697,-1.0010061,4.252365,-3.0398462,-2.4803188,4.6907334,-6.3677664,-2.269113,5.283257,-4.0486064,-6.5168605,-5.1993885,1.4604511,-0.5357666,-1.5605288,0.17060895,3.7387588,-3.3322985,-0.3673556,-9.68932,-1.4023211,6.6030316,5.0793476,-2.9386923,1.2126775,8.538059,-0.3237259,-1.8904003,5.0327287,-1.8698214,0.4755533,-0.32854375,-0.069207266,-3.3054192,-0.1843523,-1.1459732,-1.2356327,-1.7447399,1.2157006,0
-6.8886333,8.231903,-6.7177362,2.5349035,5.997618,-2.1545532,1.7074928,0.55015653,-1.0276222,3.4981072,-4.4629326,-3.1618216,6.670785,-2.2943904,0.2189183,-2.517432,2.697232,-3.9526305,-5.2562366,0.31881362,-0.83022773,-4.7924304,2.8055015,1.5424933,-0.97271633,-5.5099945,-0.7935788,-4.0730805,1.2006217,-1.7159793,-4.077287,2.01202,-2.3562772,-2.736095,0.7355371,-0.11448539,1.4434274,1.2670811,-1.0258985,1.3348854,3.2811193,-3.2054636,1.8780224,-1.5700257,6.802761,0.8133003,-1.6702557,1.4110494,-1.5324669,-0.103436284,0
-4.518037,19.794722,-3.7175508,-17.75505,-33.158928,3.2410095,3.178186,7.797649,-0.4002639,-19.10848,18.14037,15.022922,-7.4859757,-1.7223777,-14.046131,0.5158142,-5.955742,22.140553,-14.230338,-15.362144,-6.8463764,0.33915925,-13.282232,1.7165554,12.1797695,-7.3184566,9.057611,-4.314308,-2.8243809,-6.3874607,-1.1881813,-1.839815,11.257379,2.4938998,4.1842546,5.7991676,2.3479898,8.481972,7.4744368,-2.7931006,6.9964976,0.23390545,0.31001848,5.3013988,-0.74159956,-1.6972237,-3.4461067,4.942235,-0.7611511,-4.1691422,0
-3.730863,2.6084447,-7.5063767,-4.281578,3.058292,-0.2746574,9.901433,-3.8978367,-2.6298697,5.626902,-4.0108914,3.2043357,4.2312255,-1.5136833,-4.842581,-0.97384596,-1.8735495,-4.3982263,5.6224566,2.4691668,7.2981706,-5.8317466,3.0628257,-1.9375056,1.0534717,0.7463647,-0.6524647,-1.2604121,6.466546,3.5332937,-0.029022532,0.6928634,-2.6944127,-3.990372,3.4758692,3.5648925,1.5648962,-0.8603862,5.4072914,3.3827734,-1.9324402,-5.26005,-3.763449,-3.0976048,-1.1025144,-0.62202317,1.1712308,2.6078072,-0.03269531,0.21589144,0
-13.019766,18.62565,-8.603669,6.312092,0.42939878,-0.46431804,-5.0191565,-5.119219,1.3495828,-5.334509,1.1365523,-5.578836,4.4100695,-2.8327653,1.785796,-4.588359,0.6124619,0.63228565,2.7320452,-0.4346637,-0.42800802,2.1186144,-0.81324637,-1.0284323,-2.541048,2.2590673,-2.568998,4.5575438,-1.3656961,-0.960497,1.5521183,-0.8242645,3.0068958,-2.9361703,-3.359086,-6.3145175,1.5751086,2.2617111,-2.454134,0.6372113,-1.4371768,1.0971601,0.632941,0.036041416,-3.4465158,1.7287605,-3.379748,-0.46987903,3.008573,-0.46183187,0
2.2440279,-2.4333107,-3.2355542,13.263652,6.1487427,2.8391721,-4.706555,11.383915,-2.6070802,-5.7479634,1.9085299,-2.178137,-2.4070218,-1.6446122,-7.7336984,0.26813293,-3.2029383,0.77968186,3.8765404,2.4610913,2.2460606,1.3663956,-1.5862865,1.1293671,1.0386418,1.8476292,-0.09934284,2.1696978,-0.53595144,5.8510337,0.7997676,1.8567011,-2.2772768,-1.0347072,1.0354234,1.2942568,0.6387038,-2.2848353,-0.27683717,-0.78164005,2.3571687,2.724023,-0.4765973,1.0261713,0.8229398,-4.469106,-2.1265864,-2.2840106,-1.4911078,-0.6958792,0
-7.411864,17.545345,-2.3188944,2.33893,6.1816816,-1.4410228,-3.4245064,-4.486824,2.127266,4.5875254,-1.4280156,0.6125279,0.4953042,-1.5846729,4.657208,-1.400798,6.117109,3.2842047,5.694262,1.2179064,-3.441197,0.24616688,-1.7839504,1.5468218,-2.1324751,0.34780693,-0.017942572,1.3553962,0.39726406,-0.80422103,-0.58134323,-4.8859043,5.6245227,0.3728924,-1.1221694,-0.7315956,0.6028431,0.11318101,-4.4802246,0.6022293,1.2065173,-1.8072064,1.2167586,1.611453,-0.39940146,-2.2809548,2.2115443,-0.0053532505,-1.0269173,-1.1875004,0
10.93873,-0.031534277,-4.793073,2.8679743,5.9889936,16.172611,-12.511224,-0.9989699,-2.9847825,-1.1719582,0.51680803,-1.903637,-5.9487495,-0.69763136,-4.9742174,-3.194238,1.4214528,0.5293465,-5.64068,5.355595,-1.7999771,1.8734131,-3.886023,-10.002545,1.2772918,-3.8209717,-3.2509134,4.2166324,-2.8283029,1.7072425,0.23179248,-6.7593856,-5.195702,0.93035567,4.852914,0.009883835,-3.8054187,-1.9204738,-2.2516837,-0.10913876,-2.5135972,2.0191724,-0.7424033,-2.2826605,5.806713,6.3529863,-4.773229,2.5377138,2.4581475,-1.9172293,0
6.6876106,-6.984871,0.58044523,10.0355425,-1.0238088,4.407151,-2.2636552,6.0068865,-7.426295,-7.117991,-1.3190016,-4.6157937,-0.57740384,-3.4786012,-0.11156576,-0.15437125,2.1526146,-0.63591427,0.78839195,-0.060257453,1.389908,-2.8838844,-1.9820408,-4.5267572,0.65748596,1.1169863,-0.9232617,-1.3472288,3.3210163,1.1404136,-2.376713,-2.2004037,0.58437866,1.2513361,-2.4517164,3.5248475,0.88120645,0.6990412,0.20394711,2.645806,1.0361421,2.0975542,4.141276,2.851389,-0.75152063,-0.89186496,-1.6167235,-1.0524176,-3.80591,-0.5050306,0
-7.538228,4.4442205,-10.021204,3.7437747,-2.7482154,1.4920356,1.4438257,-0.65348506,-3.8640819,-1.5990915,-6.110415,4.410109,-2.4973326,1.9390112,-5.933411,1.2281672,-6.775647,1.1749321,1.1391132,6.769042,1.5591266,-0.748154,1.9164649,0.40710697,-2.3861268,-1.3593284,-1.740863,-1.1065781,3.1902142,3.8098357,0.19997002,-0.7004853,0.0767696,-1.5122805,2.7167695,-2.5968854,-2.1996274,-3.8200815,1.3546546,4.3484983,2.0044718,2.1855927,-1.7820684,2.4276428,2.3008184,5.356755,-1.3819357,-1.5629696,1.2018168,1.2512294,0
-10.52986,5.458053,14.823348,0.15158023,-20.444912,-3.146786,-8.009609,2.7351038,-12.180139,29.246061,10.058554,-3.0955684,6.9415913,-8.776037,3.491017,8.644747,-7.664459,-7.03028,-16.396248,-7.3456516,4.0896916,9.924386,-13.520425,6.8633027,1.3795844,-0.8413607,-5.934792,4.454211,-3.5656726,10.92177,25.21562,-2.4989796,-4.5126915,-0.4735258,-5.9038544,-9.300843,-3.9833972,-0.72542423,3.1902802,3.98657,6.737341,-5.541355,1.2476512,2.1081653,5.995958,-8.319286,-0.74845105,3.3737535,-4.46298,3.220082,0
6.914741,-5.1943626,-5.0321007,9.690215,3.1726642,-1.2415543,0.66963977,0.21879987,2.2900772,1.3993123,8.754826,-0.9282678,-1.7911757,-6.1640873,3.084464,3.7403355,-3.171986,4.9994783,-1.3428662,-4.9086785,3.1351497,-4.1493015,0.03585877,-0.93409175,-3.411548,1.0816412,0.5323664,-0.2754739,5.6163607,-1.0244029,2.985727,1.5563176,-0.8957702,-1.9372994,-0.93705755,-3.8477802,-0.667495,-4.6251736,0.23811843,0.6442636,-1.6382728,-2.5850427,3.0460203,3.386891,3.6914625,1.247765,2.3311236,-1.3226492,0.41993338,3.0995138,0
-13.537908,-8.091341,-15.639371,-5.95446,-0.8759423,1.2598879,-0.18896583,3.9053628,1.831256,-0.67464435,-2.4471526,-3.2495635,-5.1904306,-0.7789281,3.8630817,3.3191686,-1.023475,1.7393054,4.2754493,2.325125,-1.3402693,0.9342834,-1.3729002,0.95304054,-1.5172007,-0.7596199,-1.2343506,-0.76266855,2.4871817,0.4618664,-0.02457722,-1.2902361,2.1719725,0.29964256,-1.9435028,-2.965116,1.6979582,-2.800674,0.78772837,0.6874914,-4.218752,-0.4822452,0.015732955,2.5443175,0.68475276,2.5942607,1.5731319,-1.5028807,0.9476868,-0.47936958,0
9.042099,4.2683773,4.5309997,3.966733,-4.863466,-4.1850624,-0.26426178,9.866915,-0.79540855,10.5602045,1.9845263,-3.3964949,-7.838815,9.085761,3.4812262,-11.940262,-0.7159726,11.32212,2.389612,-1.1790855,0.7592706,-12.090966,-11.686957,2.1411827,-3.3075151,1.5425261,2.2587063,0.66996497,3.9304419,1.9524587,-0.7225508,3.231547,-0.13959438,-7.0783215,-2.122878,1.0826162,-8.802417,1.161812,0.3546481,0.76389587,4.68793,0.47623622,4.0458775,3.9321902,-0.046243697,1.4381624,2.374373,1.3781353,-2.3451245,-1.7009561,0
-6.5033474,-5.6716394,-2.346866,6.787475,5.235135,6.004555,2.2344575,4.1367917,1.4409527,3.7645595,0.70385236,1.7193881,-0.91599023,-1.9302504,-8.592689,0.636269,1.8911802,-0.17683034,8.436397,0.5213766,-2.4308968,0.55454177,-4.9940615,2.7184758,-0.13174717,5.081358,-2.3711889,-0.26598415,2.2670202,2.1292076,2.1323333,1.758067,-0.4461025,1.3808479,-0.528781,1.0180752,-0.42387,-1.6042252,0.14898904,-3.8849487,3.7264683,-1.504936,2.9324477,-5.5409474,-0.106399,-2.0422902,0.8202736,1.9084837,1.6262702,-1.9693338,0
-7.851582,-8.329882,5.2971015,-10.097127,3.7087853,7.120721,17.508015,0.59356517,7.790917,6.1492314,-0.63649946,4.129163,-1.8327019,6.1542387,18.766321,-9.259241,-5.012079,3.99334,-5.5820894,-2.0856676,-7.4466558,5.3281164,-6.2364182,7.7179084,11.544608,8.21689,-2.822864,11.934607,-2.2071927,-7.720085,7.056882,7.3885355,-2.8299417,-6.8052278,10.17435,1.2510206,2.7945662,0.76994944,1.0110784,-5.762023,4.0797796,0.30378932,-5.1946464,1.0022571,1.0379287,1.1525038,1.3005322,-7.774481,2.9886644,4.608374,0
-2.1919584,9.709678,-7.4936094,-2.586718,-9.7616825,-1.2931457,-0.42516792,2.0082834,3.2223191,-2.622076,-6.870896,6.9059505,-7.0299797,10.866808,-8.348798,4.9978213,-6.0705643,-0.057242393,-3.1685925,-5.9520516,-2.854005,2.6556692,4.171232,-0.34814143,-1.1230243,-3.4190285,1.3971648,-0.76713073,-0.9642608,2.0920582,-6.211812,1.4946219,-0.9684345,-4.488617,0.86057985,-1.4186779,-6.555643,4.638545,2.9804232,-2.7467804,3.1051157,0.63565856,2.0108366,-1.5564686,2.974639,1.255619,-0.23895131,-7.972445,-3.042297,0.9546332,0
-10.265132,24.82469,-0.7442325,-3.4106598,-13.981399,0.5389083,-0.97418666,1.5825655,4.304401,-17.92598,9.040508,0.94951165,8.1742735,-2.4771085,-0.43266356,-8.604595,-6.7105117,3.141988,-8.83881,-6.150594,8.804502,6.115742,0.2848681,-3.1141815,2.3256607,4.9800777,-5.285481,4.3261833,0.35430476,2.6851084,-5.9682274,2.2118096,1.4388521,1.9058751,6.439607,-5.550851,-2.1697133,-0.27699488,6.1210284,-1.3244432,-0.86515605,-4.497195,-0.3638467,-6.1512685,-5.945663,8.300049,-6.4728546,6.614169,-0.88252765,-3.0642242,0
-7.84747,13.477286,-4.7760434,8.635503,2.578043,-6.279344,-1.0087221,-2.9229832,-6.1806073,-1.8328019,-1.1170143,-5.1210656,5.189043,-0.8672524,3.036774,-1.6712836,2.1462011,-5.450899,4.0038767,-1.5465152,-2.8620043,0.22272415,0.0838304,0.1854493,2.9849434,-1.4812592,2.3106918,1.6495316,1.3784058,2.716,0.22233653,-0.67188567,1.8758849,-1.457951,0.32893336,-1.3010155,4.2137265,1.0125781,-2.47567,-1.5745006,2.725041,-2.568377,-1.9369899,0.6667825,1.678062,3.6503713,-4.3008986,1.7310177,-1.6045297,2.2970126,1
13.069583,-3.875678,-4.447851,1.6084787,2.2859604,3.2016015,3.4316196,-3.5125828,-4.011163,-5.0667944,1.0613416,1.8573871,3.5601423,-2.221377,-7.8544297,1.2018943,-4.853689,-3.7069721,6.0936966,4.416432,0.0745917,-3.4681764,-9.855075,3.3294115,3.415598,-1.2899809,2.0213177,2.4514446,-3.3466353,0.6441959,1.6677125,3.5539443,-6.155327,6.086396,-1.4746476,-2.979229,2.6584768,2.7123501,-3.274386,0.92487633,-1.5075212,1.5420932,0.4334785,0.68564045,-2.715611,-1.9182961,-3.2013476,2.765702,-4.0084033,-3.7538087,1
8.457466,3.5656004,-2.9933822,-3.8683696,12.574166,-7.2410264,-0.46490416,-0.9898148,-8.373121,-4.138261,2.565552,6.544843,-4.7686334,1.9185308,-0.8545582,1.9672347,-1.2089256,-5.075086,3.9971342,-0.94727135,-2.849834,-0.5529592,-2.477772,2.2514164,-1.9108441,-4.7256227,-1.4770373,-4.364895,-1.6138204,-1.1358994,-1.1308243,-4.3270416,-3.6207502,-0.58502275,-4.0311613,-1.1525085,-3.0786293,-0.9260399,0.14975402,-2.074442,-1.6024421,-1.3133405,-1.8640949,1.6660215,2.5679452,0.04352113,-2.6533532,-1.0717674,-2.3434365,-1.4343456,1
-0.6670387,-4.481906,-5.102197,-12.836868,-4.0029936,1.6156193,-9.711768,-2.3950408,1.2492944,-3.8191252,2.7670472,5.882719,16.055798,12.461238,17.484713,6.8728504,-6.71154,-1.1324097,2.8748598,9.482928,2.0355842,-6.381783,5.350605,1.5429722,-7.226619,1.639744,-6.40836,-1.8433678,7.4538465,6.7402697,-3.6560705,10.532377,-1.2563318,0.6606739,-1.7384775,-7.538603,-0.2885421,3.8396251,7.764211,9.41741,-2.749493,-2.4867737,2.900465,-2.906238,9.989662,-9.257365,-3.2365348,-0.8505965,5.9495792,0.4410939,1
-11.529569,-11.2216015,2.0626664,-9.888841,-9.29137,-5.162297,-6.8977947,-1.3313078,5.231735,-2.7309525,-4.411139,7.647538,7.244915,0.00126005,2.4437025,3.827789,10.780183,1.7153571,3.8102536,1.3765198,-3.1402714,1.5613056,3.2504933,-4.541032,0.80863863,-8.564939,12.542901,3.654056,-5.7502937,0.9791377,-3.422629,-2.8471546,-1.2505901,4.991224,-6.322114,-1.2438571,-5.6304317,-6.959815,-1.166724,-4.4715075,0.06961532,-1.5985138,7.4220786,6.4812737,-1.5649154,-3.2802267,-4.774459,0.78769195,4.258742,0.3785841,1
24.522636,1.1570383,-4.7023396,-8.302292,4.3146195,3.7137017,4.5941544,4.649218,-0.8807998,9.231518,3.7878823,3.049732,-0.5658643,-1.4754616,0.85817575,0.45157212,-3.007332,-6.165152,-5.0465894,3.8931797,7.492581,0.21523763,5.992745,9.430351,8.899765,-6.220532,9.322224,12.945943,-2.2954035,-2.6344194,-4.452686,3.0459375,1.2305355,4.1617117,-0.6231699,-6.7869997,5.038647,2.5971913,4.929123,2.1366637,-9.050215,2.5424118,6.318813,6.4661736,-1.5254872,5.2063737,-7.8451977,-6.9466767,4.9904795,1.0821999,1
-12.53773,-12.2767315,1.1609269,4.014426,1.5546052,-10.560462,-9.476736,-5.1774597,6.0032454,-2.796296,2.3476155,4.0588603,2.3000436,7.899419,-2.1651015,-7.249536,-0.61140704,-4.2174306,0.8561883,0.61326474,-5.985995,5.363239,6.4017825,-0.0104913,-3.458731,-3.5328126,6.824647,3.8716254,0.55961406,-4.489063,2.9343913,-2.87799,-1.7325889,5.509925,2.602211,-0.90010613,-0.76814073,6.781773,-5.7906566,0.69724923,3.8491986,-0.13847175,-4.0630746,-1.3050035,0.8054983,-0.27022764,-2.4261396,3.266595,0.39588752,2.8917665,1
-0.9878705,-9.395729,16.32885,7.3197365,5.7827144,-5.2187276,-8.341944,-1.0059416,2.7515724,-9.550007,2.4415,0.9415909,3.8490963,1.2707796,-4.7302837,-2.4695814,2.260129,-2.3016043,1.0876604,-0.75621414,2.824262,-0.79302865,1.3309675,6.065236,-1.4574223,-4.635909,-3.0675154,-2.391714,2.2210436,-7.1601305,6.4646087,-1.5086775,-0.68216854,-0.9626973,-0.663071,2.1963012,-2.7027073,-2.3668087,5.127926,-0.9720692,-0.050765205,1.1114411,2.2950406,3.4018054,0.07201439,1.680872,-0.87956107,0.88023716,2.2647011,-4.1446524,1
10.3972435,1.3746622,-6.786687,7.687182,3.1415107,0.6065546,-0.93306094,-7.9987903,-6.5206494,2.0431771,6.6149597,-5.36253,-1.3099173,1.9360217,1.3631122,2.275684,0.07497751,1.8237705,4.500395,-4.0434856,-3.8269866,-0.6755271,0.07419402,-0.64751565,2.290794,0.27355978,4.3735332,-2.089017,-2.9073431,0.6353517,-0.98170817,-6.809754,-1.4591303,1.2953134,1.3243768,0.6017415,-0.70105624,0.072835915,4.4570293,2.1996849,-2.8122218,1.3630766,-6.345164,1.302793,5.742604,1.4240618,0.4358149,1.2415487,-0.5699279,1.9794531,1
18.911545,3.1809657,-3.2886353,-2.8885317,-6.1593704,-10.955713,1.1806896,2.2749372,0.8896081,8.755159,10.85229,-10.505305,9.239742,2.8491828,-4.7710586,-7.1095743,6.5216594,12.726165,-5.35616,-2.7414532,-1.5555776,-1.6417696,1.3173611,-7.290172,-1.7958336,3.4487004,-7.548157,0.22012259,-0.88074595,-3.393761,7.1238074,6.508918,4.2180586,3.544999,-6.648736,0.053631335,1.2610104,-4.929404,-2.6426063,-1.5126894,3.0838492,3.4178543,2.7578585,9.354129,2.683348,2.80037,1.2087365,5.145641,2.8142757,5.7573767,1
6.5176105,-10.080082,-4.527206,6.910932,-2.7003882,4.869861,-6.1556263,8.287774,15.229852,-1.119549,-10.838171,-0.066000156,1.9458907,-8.273357,2.855372,-2.363243,-6.2651114,-3.5354578,0.11280054,3.3157778,-1.1008965,-4.195581,-4.9645624,-3.8637571,4.1739373,-4.819379,4.4744043,5.611524,-5.8104997,1.1428283,4.988832,0.69362605,-4.050484,-0.3303787,1.7733226,-4.438568,2.5738916,0.30103004,-4.475292,-5.0663466,-2.028556,-1.9241333,-0.71851397,-4.5439606,-0.81639504,1.0795877,0.4064172,4.656412,-3.5180967,1.5549117,1
7.8519454,-0.37937814,-3.967677,-7.5885706,12.149299,-1.4397178,-4.107977,0.3843967,-4.069384,-6.194071,3.9107678,0.39452556,-4.670215,-0.29403752,2.4265707,0.68961763,-3.295085,-3.7817776,0.2015922,0.43130526,-4.575029,6.7406507,-5.2619324,5.201125,4.7928405,0.7292368,-2.817475,-2.7636478,2.6959825,0.07034941,-2.2187345,-0.8030709,-3.9249086,-2.2672856,-5.7824473,-3.401337,-0.08684853,0.4268139,-1.0824066,2.56641,0.2123027,-4.739912,-0.41161877,4.5556073,1.225496,-3.4824548,-4.8757105,1.429034,-3.3857362,1.6453626,1
17.457317,-8.443599,-8.778068,7.048425,-8.75982,6.024877,-6.369234,-0.6147062,-7.0792093,2.3157976,-3.4608696,0.2090694,1.5230223,-0.9521334,-0.57357335,0.5732901,6.2125688,4.662417,-2.8205113,-3.0143414,-7.674017,6.8888707,0.90975124,0.16155043,-3.3977394,-7.911244,-9.010619,-1.915917,0.63167304,-5.038352,0.12113467,1.7778045,-4.0793724,8.850162,8.021834,-4.273887,1.7580239,2.2602055,-1.507096,5.311442,-1.5867003,0.1453483,-1.5174208,4.947421,-9.155392,4.140467,-1.1890616,-3.5947635,-10.689101,5.9353747,1
4.2424293,-1.0978724,18.43027,-1.0872971,7.4918823,-10.166979,2.514112,-4.3392653,2.7935407,-1.0709106,4.350996,1.6853194,0.57589555,-1.7656801,0.4935205,-0.54546285,-3.9892075,8.028867,1.7854179,6.985759,2.8962176,-7.297053,1.3194165,-3.0509546,-4.7163634,6.3139453,3.3105712,8.566185,0.9589166,-0.7360616,-2.4684186,-0.7248694,-1.163634,-2.1092026,3.795421,0.5648028,1.4318297,-0.6510333,-0.007845268,-2.8320642,-0.06319984,-3.114827,2.0906456,-3.806762,0.4041692,-1.4127731,2.4426243,-2.9829576,-2.3231122,-3.869001,1
23.131973,-10.20844,-11.33651,-10.329304,-5.3619547,-0.9011939,-6.613678,-1.2123208,-1.8893781,-2.9696689,-1.278489,-5.5547814,7.6900454,-2.080812,-2.2779553,-6.320921,1.8481574,-7.2184424,-5.543018,-5.175642,1.9878287,-5.3713493,-1.6738524,1.7022835,-11.77676,-1.1633277,-7.2044225,-1.6820537,-5.7195873,5.024736,-2.4267006,-4.6953125,10.856785,4.2317595,1.8786424,6.555492,1.812164,-8.735522,1.2304937,-6.297382,1.0182959,2.4698672,-6.3306546,-4.338221,-0.5948275,1.6949438,-2.5146387,-5.469149,1.2570411,2.0594382,1
16.288378,-2.862166,-16.382687,-11.329436,8.9341345,1.1399907,-3.4117115,5.948771,-2.862605,0.7424383,3.9008024,1.6171263,2.2577505,-13.7546425,1.1789231,2.1729481,-1.1124531,-6.145568,-2.4844465,3.532707,-1.5337572,0.9688382,4.8884788,7.2513785,1.5685979,-0.3410807,1.7025497,4.9805183,-0.0007186315,2.2111862,-1.4501699,-1.6138996,4.6201463,0.6840611,0.22548734,-0.12121388,0.9269404,-1.386369,2.342193,-2.5011535,-1.859817,4.98602,3.7913117,-1.6130544,-2.1982973,2.2093549,-2.9178467,-5.6876955,0.8163156,1.4863608,1
7.898805,14.467917,12.042374,2.7201073,0.87006146,-10.588879,-2.67181,-0.36352724,7.540233,0.4141455,-0.3947915,-12.488549,-4.51489,2.1501389,2.1208985,3.003259,-9.654509,-3.405223,4.712633,0.3843409,5.2838287,-5.048198,-1.4457791,9.965057,6.6041303,-2.9088755,4.190435,-2.6921182,5.546933,-2.7100766,10.74087,3.0249522,5.0875845,6.3125367,1.7621412,-2.657279,3.8218925,-5.452777,1.0684466,7.0172296,1.7956697,-0.7619204,-4.7485843,0.86221325,-1.745848,-1.5898969,3.0976453,3.2716165,-0.70644337,-6.9581985,1
5.4487643,0.24544765,-9.554348,-6.277387,14.265357,-0.6026786,1.4432496,-2.9298673,-0.061585084,-5.2091346,1.341907,-5.137208,1.3672457,-0.9882447,-6.20524,0.1892728,-3.2678833,-3.015286,-1.6741554,0.7480236,0.55986273,2.5848045,-2.360894,1.5397418,-3.3204114,1.1025971,1.3693501,-0.5901335,-6.164634,0.21890062,1.3596193,3.3659215,3.7572615,-1.9547166,-1.8463166,-5.6426826,-2.0465364,0.82097405,-3.6539161,-2.3280873,0.81341726,1.1716541,-4.1479287,-0.35361862,0.67335266,2.481571,0.28827825,1.744151,1.3997424,-4.586664,1
4.2646704,-4.211594,6.0740147,4.461952,-0.5142543,2.1092217,-3.607916,10.5609255,1.3697504,-10.111563,-5.1589427,4.9020157,10.263946,-5.942651,2.384008,3.3093834,7.6200814,1.5061293,-1.0946286,1.9637868,-2.6844912,-0.09235152,0.64036536,0.32911822,1.2824675,-0.19249675,6.4895706,-5.7295876,-3.5153785,-1.7822653,4.225509,0.2026071,-6.5823817,-3.2653918,-2.6323383,9.448176,-1.8832862,-0.00047481424,13.244101,1.3901005,0.010998844,-5.7009816,2.5486295,2.0468113,2.7693846,-2.3051279,0.9410234,0.6903533,5.5443187,-1.8016218,1
5.730004,-9.01137,-7.205729,13.677995,-3.1580038,0.9979765,-4.1829066,0.6926798,1.8481663,-5.141598,-2.8454266,-6.094645,-6.0379133,-7.6041336,-1.8470669,0.809941,-1.6228212,-0.5968086,0.1424007,0.1911804,1.6287718,-4.7899137,-2.7296784,-5.839788,-1.4705397,5.0480347,0.8283524,-0.23251286,0.43798065,2.2277594,-0.43803006,-0.0018287646,-1.4721926,-1.1071458,2.523061,-0.19681403,-2.67772,-1.887454,2.8684568,-1.8247496,0.04899505,-0.675418,2.0160673,1.6790559,3.6075397,-2.9787676,1.2757348,-0.9259305,-1.549776,1.5491984,1
12.165883,5.8788085,8.260746,-0.7082191,3.2334008,-7.8433046,3.8131723,-1.115355,2.0777,4.9917755,3.5445306,-4.4101315,2.4967136,3.915101,7.454393,-0.87065816,1.9672894,0.3760254,-3.8117814,2.5790083,3.45969,-4.053046,2.6297922,-0.2550128,16.756922,5.6321745,1.2317065,1.5567973,-0.46081024,0.8780383,-2.6955543,1.2235895,3.7027116,-1.2362647,3.580238,-1.5546726,8.214419,-3.115699,1.0067579,-2.2500017,4.301228,-0.8818428,0.5207223,3.1193216,3.3989444,0.62283295,7.802075,-0.07715599,-4.268685,-6.444624,1
15.721451,1.4995443,-3.0308561,-4.9281826,11.996763,-8.461848,6.2562613,-6.9379363,4.395793,-4.187351,7.582276,-0.949506,3.5182993,1.2095118,-7.479275,0.76859266,-1.298437,-2.1553028,2.934377,1.1819214,0.60706645,3.4198484,1.5708486,-2.6401694,2.280973,2.1279604,2.544426,0.14459687,-5.306528,1.5545005,2.6202428,-0.45657733,-0.06678675,-1.0989842,-1.1364291,-5.3242245,1.6007476,-0.012938096,-0.72802293,-2.206818,-1.2019694,-2.5947142,0.53710234,0.23592237,-3.515275,0.04680967,-1.504471,1.5949533,1.0273645,0.90191495,1
4.4076467,-1.0304875,-7.798151,-0.6169473,11.429133,-6.0568156,9.609875,-0.42243853,3.5587869,-4.09488,2.6302083,-1.3323855,4.713795,-0.36833048,-0.29445648,-0.22576739,0.12301745,-4.4433327,-0.49023154,-1.6094986,-5.589528,4.591702,-2.4074907,3.041882,-6.0226235,-1.0678612,4.5076766,-0.26760763,-1.7688311,2.9551668,1.8660196,-0.38377336,0.007925805,-2.20989,-0.9924274,2.897273,-1.6894252,0.9387049,0.20350246,3.4968076,-0.46341366,0.90942657,-6.0086007,-0.5298559,-2.043239,-0.54693985,0.9986247,1.7720513,4.1892495,-0.43805587,1
1.4154013,1.8310682,34.674286,-10.6751995,4.452147,-8.472556,4.785187,-13.360078,6.2275343,1.5085609,1.5184033,-4.369335,-8.276276,-15.112533,0.62921596,-3.530024,-13.822642,10.505725,4.803909,4.330286,-16.485006,-3.9165368,3.990842,2.8290813,-14.230268,-7.2686334,6.224673,1.457152,4.8094234,5.23012,-3.5184143,-2.0520148,2.6636927,3.4938293,6.15164,5.1780505,1.8704133,-3.6070814,1.9107455,-3.2410994,4.5440054,-2.1085036,9.730391,-2.4716125,-6.480888,11.028035,2.4333224,0.50069207,-8.032246,2.7050297,1
11.7501335,-4.841906,-1.934784,5.4967175,-5.696092,-0.830244,-10.01065,3.665135,-2.1267252,-1.4091328,9.025442,-0.49186847,-3.4359336,-6.7072916,0.9364781,5.0241623,5.8011928,-0.5623418,3.0881486,-2.0064442,-2.7327847,-1.451067,-0.52389616,-5.3229523,-1.0914031,10.10331,-4.943012,1.4974847,-9.692811,1.9924874,-0.06787595,1.4947497,1.6249503,3.434605,3.7017546,1.3735002,-0.36568987,-7.3656497,-2.5735354,4.377885,4.589848,3.9109294,4.349126,0.2947758,-1.808447,1.989803,-2.658646,-2.3145423,-2.53145,2.3386774,1
7.071828,-1.509152,-6.243235,-0.7310441,9.099844,-1.953678,4.4952087,-4.9490533,6.246771,-2.5089326,5.3200865,-2.6513598,2.5186136,3.922626,1.7334604,-1.9096065,1.7505032,-2.6040742,-6.2462754,-5.798295,0.39838707,-0.9691117,0.83119786,1.4627337,-6.7045183,-2.922393,6.121492,5.3273144,-3.063348,2.5995228,1.4557177,4.3579845,-0.9237027,-2.4501364,-1.9671386,-2.499732,-1.8145152,-2.7551997,-2.7534132,-2.598598,-5.489949,0.3858595,-2.9545398,2.9439445,-3.6221673,1.6307864,3.7350352,-0.07050774,0.8146478,1.9333309,1
13.815866,-5.086073,-5.9218993,-2.719068,4.720265,-7.1800327,8.240227,-0.86297834,2.3151922,-3.3518586,7.014317,-4.729039,6.074341,1.4267751,-7.2856193,-4.862529,0.7583622,-0.8475675,-3.4723802,3.8237245,-2.3830996,-1.0663768,-4.592807,3.0069072,0.460569,1.1849495,2.0232518,-0.5043484,-2.7910955,-0.39642385,3.7416368,4.155247,5.503364,-1.9454771,-3.8039787,-1.2118175,-1.2836425,-0.34462598,-2.01814,-6.340038,-2.4234307,-0.12646854,2.6748059,-3.570152,0.66522944,-3.144287,-4.3923225,-2.0298095,-0.29738376,-1.232143,1
6.7929864,8.685344,0.73658246,5.5982656,9.634908,-5.703362,2.2783868,-5.626791,4.115197,2.5916746,6.241021,1.8639395,0.90972185,3.701002,-2.1947415,1.8865302,6.294111,1.1647252,0.5340995,1.8522562,-8.1732645,-2.0673757,3.3411887,-5.903746,2.5811253,-0.43570292,2.6984184,-5.0678134,-1.3848897,5.536784,3.9846687,2.3664098,2.3260787,-0.010923581,4.532949,-7.2831535,-2.496304,4.885197,4.2876425,-5.466028,1.5275773,-1.5793602,-2.1442792,2.8608615,4.0284405,-0.8609483,3.4824443,-2.8974528,2.8191304,5.3860316,1
13.946995,-12.47987,8.129769,10.641995,-10.808658,-12.685601,-3.303896,-7.0179796,2.4313262,-11.617075,-8.216731,-5.8356504,0.88814926,-5.5272627,-2.8070128,-3.84875,8.183739,-1.7242872,1.2631187,-0.80406445,1.9800643,-0.20814791,-3.3754065,9.5676155,-0.8269691,3.0282562,0.20421901,-11.953305,0.25213045,-3.654457,7.450851,2.858156,-1.5521938,-0.9609234,9.174856,3.7440195,-1.9783586,-0.087460116,3.125248,4.260033,-8.106599,-1.5505028,0.69866985,2.5746856,-5.6548424,-0.17457806,4.5129957,-4.224262,0.9961071,-2.340353,1
13.737847,4.851671,-6.3679028,-3.911735,11.596855,-8.009704,-4.2963834,3.004328,-8.194205,-4.0395036,5.1665506,0.6899697,-5.1148777,1.4918091,5.72207,-0.33283484,-0.32651994,-3.3737602,-2.4667826,-1.2198794,-1.4763768,6.902005,-4.1292944,-1.1151178,2.821686,2.3304324,-0.22741579,-6.04526,1.7232428,-2.1096296,0.20579952,-2.1827955,-1.2235491,-2.9399319,-5.022538,-2.132577,0.12889354,-1.0579985,1.7308422,0.843257,-0.064691596,-4.500388,2.6997647,-2.8026829,-2.0459526,-1.2440537,-2.0540009,-3.7906673,-1.6054529,0.91110486,1
4.228006,14.776415,11.164878,-3.687341,0.6338712,-4.6781034,-11.134783,0.24207467,11.2553625,1.1442738,-2.2914627,-8.6837,2.8348722,1.1479514,10.458882,-0.5864485,-1.4224933,-1.5831666,-3.7654936,-1.6579146,0.1567491,-9.946604,2.555386,13.775968,10.412535,-3.3003256,-2.9917052,-8.218099,5.1227565,1.7201424,-5.1979933,2.2489173,-2.4395924,5.9304338,-0.43056935,1.9479707,-3.6325848,-3.746677,-5.133085,-2.637728,6.772799,-0.8104562,-2.1798353,1.7057116,2.0965636,-0.655652,1.7694468,5.5547667,-2.0755434,-5.594466,1
-14.14538,-8.695844,13.699106,-5.9512444,-14.003708,-9.538628,-6.2025037,-3.5373693,-6.76924,11.513208,-0.033112813,-6.27961,-13.238515,-10.749262,0.39097163,-11.163351,-4.309774,-2.688897,3.8765514,3.0923617,4.0846434,2.9091954,-5.4335184,-8.530852,-7.315634,-8.099745,5.3537345,-2.5569487,-3.8422382,8.327664,-0.07975813,-1.2410442,-10.396751,-1.7221435,2.215093,-5.2496066,11.941927,-1.4490438,6.17397,3.1073565,-3.041541,5.476676,0.32077396,4.6595182,1.6169548,-3.8614197,2.4645975,-7.718227,10.808088,-2.1914694,1
6.185239,-4.6017118,3.984748,4.833019,5.7438765,-1.0929341,14.537666,-7.8486233,2.0816183,2.1008682,1.0222032,3.818187,8.349557,3.6705947,-8.7183485,3.440137,2.2063508,5.4886155,2.7695546,2.341714,2.4526122,4.992009,-5.318613,-0.28725886,3.1352334,3.7125654,-1.2673985,0.9033136,0.6461897,1.322904,-0.5006332,-0.91611683,1.9018942,-3.306182,1.2737343,0.7817659,3.2180243,1.2054247,0.12771451,-3.421651,-3.0031247,1.3764035,1.0386218,1.1865699,-0.59762275,-4.233541,1.2938474,1.1881167,-0.9630291,-1.4728137,1
8.473094,-9.778416,-6.5182633,3.0377407,0.9113798,-4.9328265,6.600365,3.2007296,-4.150769,-1.2177076,-3.6030564,0.019155435,6.28459,-9.753156,6.317394,-4.0211816,-0.765193,-3.475299,-5.800641,-9.367503,-5.530879,-3.4649248,4.1523213,2.7269423,2.3899028,1.2141411,2.978381,2.3165922,2.950854,-4.0596194,-0.64017487,-3.32607,-5.888731,-2.8525538,-0.11479978,8.987313,-2.1360912,4.545388,3.8901975,3.0785341,1.3584274,0.4605879,-1.4673581,2.8124228,0.20853893,-7.455985,2.6621718,-1.1985407,0.8741643,3.1934054,1
-2.5702603,8.418679,8.33179,1.2464442,-8.244169,-1.8536136,0.8716865,-2.2084148,-10.791736,1.4942442,-0.316445,-1.9487429,2.3548698,8.421308,5.208568,22.039265,-5.485464,3.9592817,-10.567564,2.49953,0.42008978,6.6618896,4.8728547,-5.2642756,-3.4933352,-2.0045762,6.408397,4.5314746,-9.356329,1.846797,1.8499279,2.116204,0.7479724,-3.4902894,3.3397827,4.3785205,-0.7632029,1.9608077,-2.9183588,0.26537046,-7.617946,6.000092,5.7226186,-5.5040765,1.7775462,-3.0357454,3.5887408,-2.9777563,-5.357505,-0.47133178,1
-0.45429385,14.214394,3.4598129,5.39967,4.4134684,-6.855574,-1.3256811,-7.9675317,3.4902155,-0.6016847,0.22393112,-8.191905,-2.58966,-1.7303724,4.3073955,5.224392,-2.5077987,-0.43123114,2.0087786,1.1247904,-1.7479441,-0.53170806,3.2414746,7.097593,2.6578224,-1.5873133,1.425334,-0.42080623,-1.6772057,0.46787688,-2.365485,1.3971236,1.6075573,0.28477833,4.4105263,-3.1753774,0.58610046,-5.3164396,2.9288883,-3.2854173,-0.67717165,-0.63572794,-0.6017427,1.8549536,1.1933626,-2.7588785,0.60658723,-0.11242122,0.6797302,-1.053969,1
2.1497672,-13.294701,-1.3256012,4.93605,-3.0447307,-10.459961,-8.675998,-2.727127,-1.582793,-2.5127068,-1.571158,3.3617177,2.9080832,-2.0840743,-3.110385,-2.1640813,-0.33894953,3.0625286,0.55079633,-1.2940297,-1.367246,3.0894527,1.5012735,-0.13194089,-6.2259655,1.5223762,-1.252689,-4.8808804,1.669149,-1.9701207,2.6338065,2.1526408,-1.146221,-0.39411587,2.1578624,1.0629513,-1.6467719,0.11770304,-3.3227344,-4.0415845,2.1351738,-2.9470654,-0.118712984,3.743755,-0.0407128,-0.6124232,1.0337254,0.88672477,-0.49471352,-5.1302476,1
-3.5266066,-10.930065,2.9439077,-6.9178977,-8.808968,-8.492821,-15.992245,1.455389,12.74215,-3.6194181,1.0866768,6.861181,12.684341,8.109319,0.7128953,4.313685,-6.7775445,2.6259708,-2.8412147,4.841488,-6.4030385,-4.2031455,4.7311196,-1.451699,-5.5695,0.24626611,-1.5572407,1.6893178,-0.6325379,4.019267,1.1673079,-7.2066884,-0.616728,-2.1638248,3.3511302,-1.9921271,-2.433375,-0.48831725,-10.131665,-2.3272712,1.9274949,-4.053243,-5.0513296,6.062628,-3.5488503,-3.9816823,-1.2427992,-2.1427162,6.1545525,-1.4259772,1
-7.2595468,-13.615228,4.132764,2.9450173,-1.0046543,-4.1035676,-13.702959,-9.64994,2.3805618,-5.8482313,-1.0679127,6.539808,4.1440334,4.65391,-1.4292585,-2.6600409,1.1335449,0.24227296,-2.8832567,1.365692,-4.4672875,2.017098,1.7669789,-2.6834347,-1.3444886,-2.2206953,5.2502594,4.4622083,2.4084947,-5.005755,2.121725,-0.46906355,-2.9360228,0.11763476,0.6897746,-2.0466554,-1.7087626,1.347993,-0.33516383,-1.3769274,6.618888,-0.47473863,-2.0259097,-1.3784944,-3.3401191,-1.1863915,-0.49308497,1.2129608,0.83171856,0.18443479,1
-12.081199,-13.029766,9.487964,0.23675252,-0.8542921,-1.3779271,-10.3959875,1.0799652,-1.763414,-5.8129377,0.06634205,6.229295,1.9952805,6.9261656,3.3465598,-2.2015293,-6.0612807,-2.6323602,3.8446126,-2.730365,-1.2299854,-3.5194988,2.2542758,0.6278367,1.6192163,-0.46931416,0.045940615,4.57478,-4.271576,-1.6730481,-0.25723898,-1.7935185,-0.07419141,1.156742,0.41423625,-3.577141,-1.7149968,-3.7305477,1.6107367,-1.2276877,5.84497,5.1601443,-3.6278577,0.92601717,-1.1507524,-1.6658752,0.9383311,1.1975613,-2.026893,-0.22946256,1
10.114792,-8.677971,1.3293493,5.148496,-8.050509,10.411266,6.226176,8.492488,1.7539885,7.0463877,-8.844496,-3.0847042,-3.3393052,-5.5520387,2.9940922,4.943065,4.0289593,-1.0220035,-5.250651,11.042352,7.016908,-7.586931,8.566582,-2.3839915,4.240013,-1.754364,-6.5290184,-0.51484895,-4.839032,-5.3959002,0.31977996,-5.237973,6.914423,-2.984258,0.052566025,-4.341699,2.863032,6.812817,1.5373704,3.9562166,3.295452,-0.2942413,2.930489,-0.6061442,-4.849447,-0.5542576,-1.2596334,0.6864119,3.628169,-1.4961399,1
9.318708,-15.6595335,10.133904,3.5325894,-5.260538,-4.9190636,-9.908847,-1.1539602,5.29284,-12.249053,-9.32987,0.5746898,2.5530384,-3.166134,-0.8002633,-0.014096139,-4.69819,-1.0862246,1.5473639,-1.1844375,7.041955,-15.125443,-3.0738776,4.917902,0.93472934,1.926388,-2.4333134,-9.899236,-4.624568,-0.61675066,6.6978145,-1.166867,-2.6289878,-3.4588056,-1.0231844,-3.9033384,0.13827918,-2.223123,-2.4739354,-8.6564665,3.9237492,1.272487,-3.481951,-2.0273502,-4.8155837,-5.191598,1.8377289,-0.21178304,2.0355618,2.0895422,1
13.77493,1.6308397,-11.41704,-8.380939,4.103326,-3.3590035,-6.853191,2.065612,-0.81338555,3.1024933,1.496108,1.4452733,1.7420945,-2.388728,-3.9579175,1.9932069,7.54596,-1.1662552,0.74276984,0.652594,-2.937953,5.848728,-1.3428751,-3.1382961,-0.7114527,-5.482394,2.5220852,-1.3122584,-1.2464765,-4.287891,-1.3342571,4.7718897,-1.590144,-1.3937902,-0.06157537,-3.6421814,-1.1873263,-3.8437054,4.430425,0.73716307,0.572215,0.8887708,-5.644558,-2.3568738,-5.553346,0.37269688,6.846374,-2.8469481,-3.448966,0.8587097,1
30.51569,-8.311349,0.9503974,-7.7000427,8.722356,5.648407,-5.357461,-7.307901,-5.8342247,-4.8043327,2.7207756,5.425031,0.0560353,-12.09295,-3.5804453,3.4298785,1.0100262,1.7283028,7.8075767,-6.9666305,10.08183,3.2371187,10.626846,-0.5381138,-3.6691446,10.422021,-8.614101,-6.253852,-8.607823,4.794068,5.936176,-6.450891,8.683822,3.2769778,0.6417539,-6.0125566,-3.5470788,9.5101,-1.2949405,-6.621216,8.832142,-2.096992,-3.414469,2.6578355,6.4122734,7.040147,0.9660802,-5.360363,-1.6035265,-3.9177809,1
6.790829,7.4573593,-7.9941688,-3.4306624,9.119771,-2.2268262,-1.9086665,5.5817614,-8.895727,-1.2829903,3.951835,-1.8513278,-3.6228802,1.5152237,3.571593,-3.2728806,0.68618697,-1.3981073,-3.3551621,-5.2573886,-6.0942855,-0.65919924,2.7408667,-2.5733862,-2.2397645,0.9239668,1.2032692,-4.8857064,1.0440272,-3.8147898,-1.1766557,-2.523303,-2.076018,-1.4729958,-4.531156,1.0436436,-0.5448957,-0.3290424,0.42800018,2.286334,0.7245541,-2.6026618,0.16308329,-1.3003452,-2.3188672,-3.5952408,-2.1360545,-2.8235786,-1.609109,0.49190998,1
20.06685,-0.20082195,-12.265128,-11.526554,2.0399141,-6.985048,-8.412936,17.956944,-1.904512,3.0380664,10.969392,-4.350682,9.879858,-4.879398,3.6669068,0.27283552,1.531447,1.2230963,2.613208,-6.5481453,1.210668,-7.7872486,2.2502236,2.887027,-7.479365,3.0335577,3.7188253,3.296323,5.5897775,-3.274999,2.0457878,-1.0784831,2.6060658,-7.7019954,0.9967186,6.540666,-0.047421187,-0.17134568,2.1197793,0.6718719,-1.502752,3.6335995,0.5308364,1.432158,-0.8127569,0.73964155,6.818906,-8.566082,1.2600813,6.557025,1
2.5841045,-3.0395324,-8.772841,0.9151851,0.12444817,-7.8422637,6.1191363,-5.241504,-2.4837873,-4.544873,-2.9837127,-2.7686632,-4.729756,0.5369125,-2.9746804,-2.1467667,-8.400264,0.67242694,1.9966456,3.814841,4.595405,-6.0285215,-4.0952477,-0.99569905,2.520297,0.3702796,3.9881265,-1.2060573,0.30025387,2.2902963,2.9513922,4.256775,-3.2352395,-2.3223772,-5.114523,-2.5196004,-0.57922536,-0.44129795,1.9557215,0.21819624,0.2979626,-3.0486338,1.7319152,1.7537708,2.4863658,3.1294885,1.2889081,5.4199185,-1.4494816,1.2359645,1
12.782995,-2.5000272,-8.81535,-1.1901393,-8.48136,-4.813884,-1.683232,-10.719565,5.696639,6.5577755,-5.337637,3.067043,-3.4612253,1.106557,-0.8365393,2.7487855,4.5593195,1.0810006,-6.520042,4.2954507,-1.9883318,6.301593,2.4008522,3.098971,3.5979154,0.07859928,-8.894138,1.2528603,-1.2849216,-7.1281576,-0.8570224,9.692092,1.6584132,3.2396352,-3.1775358,-2.0999384,-1.7603521,1.4444695,2.4183555,2.0405138,5.0911913,-0.021549108,2.5296166,4.946785,-0.3387362,3.611595,3.0148847,-2.0550125,-3.6080892,-3.4909165,1
-1.9615669,-6.4601536,-7.7260265,-12.577769,-3.5765367,-15.827612,2.6594272,-4.439158,-3.4151702,-0.74632293,-5.071932,4.006215,-0.34848285,4.015596,-0.16090766,0.203893,8.007281,0.5148652,-0.9297057,2.7785707,10.247017,0.29850352,-1.7729814,-5.206798,-0.9778353,-5.591986,3.7166076,7.7081885,11.627241,8.495983,0.9510499,-1.545487,2.0698323,5.9052167,3.5313475,4.0202737,-1.0988406,3.7854354,-2.3780272,-4.374428,-2.6892848,2.3280728,-4.2516093,-1.0931133,-1.8523397,2.6107748,2.2882042,4.402161,-0.4245655,-2.524702,1
4.677467,-6.2147,-15.779733,-3.3612814,5.449691,-3.9987495,2.7642457,3.6048481,7.0662174,2.757561,-3.973529,2.169074,-2.0975902,-5.493801,3.4878995,2.529691,-5.4394403,-1.337878,-3.8218942,-4.132101,-1.3047805,6.0513415,0.8125499,0.5251126,1.3221227,-4.4923105,-2.9790082,-2.597271,2.5256438,-0.8447208,-0.57522756,3.955691,-3.2673059,-3.3783329,1.2111347,0.8654568,-2.8549595,0.5384456,-1.1243018,1.9702084,2.5749693,0.5438488,0.3197318,-1.3478043,-1.2247828,1.5452522,0.36483032,-0.7356411,-1.4267293,-1.8118405,1
7.0933456,-2.6341202,-2.9107716,10.029783,-0.39732757,6.132059,11.567522,-2.3859043,-3.815755,-5.1326933,3.7001982,-0.5769031,3.6033223,2.683903,-0.7271287,2.160188,-4.808578,-8.255388,1.9320382,-4.935367,3.2386527,-1.455042,5.339382,-0.35737118,-6.1508164,1.957791,-3.7350402,0.99641144,-3.7295842,8.014891,-4.2382154,3.148333,2.7746952,-3.1525137,-0.9718953,2.1069715,-10.28476,-1.0645283,-2.8130486,0.6434215,-2.7641873,0.16771229,2.5833924,5.0072646,-3.2791858,0.9131675,-0.31003714,4.8196526,-2.916652,0.5476574,1
16.572823,0.21505381,-8.158696,-24.01061,1.4480605,2.746278,-3.8315177,-8.055281,-9.483588,3.5676913,-0.56318796,-3.5625544,10.70757,8.890823,-7.6242094,-2.360328,-2.3027601,4.1368446,1.6476243,7.105364,6.923285,2.0357618,-5.8386493,2.9288132,2.950369,1.3980038,3.4130878,0.025559267,-3.184068,-6.2756658,-5.862758,2.2461321,-5.9010816,8.309128,3.7998817,-9.440625,-4.423979,4.159224,3.3467445,0.33286032,0.9842561,4.9965887,4.7120533,-1.975729,3.066415,3.8620937,-0.84211665,1.4126258,1.5876985,-2.7245104,1
18.28495,-0.1459205,-6.7770834,-4.251934,-1.8125896,-9.700223,1.1266932,-4.2413645,-9.300888,1.9474852,3.1152267,7.953449,-1.4399554,0.51842844,-1.3450104,-2.0693917,-3.0988898,-3.0466123,-2.6378868,-2.449901,4.6399894,2.1240792,4.165578,-1.253022,-2.0494094,-3.7365682,1.6104487,-0.8471145,-6.523797,-1.8175756,0.9191326,2.96621,-3.396608,2.502555,-3.212492,-3.705024,1.3502347,0.118142664,4.9050894,-2.495535,-2.5174875,-2.3563378,-4.114031,1.4305226,2.215832,8.704994,6.598677,5.9737635,3.7681916,-0.1521261,1
2.1572533,-1.7554929,-5.1612134,-0.45779333,4.4579563,-10.186489,1.8453215,-0.5752145,-2.193822,1.0882887,-5.9434447,1.8293331,-1.1173267,2.4343503,2.761919,1.9938071,-4.285803,-0.45851144,2.9470832,-1.5310862,-0.42650813,6.1628084,4.507482,1.2052118,3.5338101,-4.4225454,-0.48756638,-0.5203474,0.10141865,-1.6380672,-3.5296695,0.0038788007,1.895225,1.3986685,0.50938255,-0.031680234,-0.9559563,1.958046,2.110249,-3.1754742,2.3627362,-0.7954398,-1.257502,3.5398455,0.69802946,-5.2217393,2.192927,-2.8510745,-3.4237528,0.38162923,1
3.4261785,-7.9527807,12.525445,1.8180814,-2.6869917,0.47384217,-11.190536,-2.6947925,-5.3816237,-10.442098,-8.24465,4.802527,4.7749133,8.391287,9.48216,3.9255414,-3.9204388,-1.7462995,-4.3154206,-1.7811934,5.816271,-5.1531706,-2.0071146,-0.9375424,9.648914,-5.1422353,2.6085215,-2.5832853,5.3152294,3.7492144,2.471624,0.96124,3.7267368,1.1598482,-0.37752032,0.6742974,1.682809,0.41782162,-2.9769342,9.109708,0.96097654,4.5495114,-1.1237452,0.2360371,-8.256219,-1.6771632,1.0552255,0.37784594,1.2719884,0.68165684,1
22.446726,4.957025,1.0422994,-2.0674813,7.7995815,-2.442453,9.729045,3.7334847,5.554889,-1.8056765,-5.888284,12.339379,-3.8503447,-0.33941627,-10.443298,5.9524198,-3.8959808,-12.275262,3.8679411,3.090156,3.320694,9.651635,5.878253,11.317995,9.6409445,-8.689435,-5.635577,10.761821,-0.60100406,4.6193585,0.60022384,1.7915975,-0.048402105,-12.428881,-4.285269,3.3995872,1.4595774,4.682586,-3.1649137,-5.76018,-1.2558115,-0.8011107,3.2510726,4.9019294,-6.27629,0.12334745,3.4031458,1.1398485,-0.19235764,-6.885208,1
10.38393,-8.384573,-3.3659394,-9.682976,12.002405,-12.662134,3.2819088,0.46906963,5.4942923,6.5822134,1.3352035,15.169874,0.49404034,-3.3589215,6.0331764,-5.1679425,-3.3138463,8.813938,-1.6227189,-8.663702,8.283134,5.4773674,6.0600357,1.4819131,-8.235819,0.39468622,-3.2129195,-4.861063,-0.04272044,1.6533161,-1.5327322,-0.031498257,-7.6013694,5.651768,0.8468953,1.05952,2.4181044,-0.5746901,-5.486133,-3.7710798,2.9004543,6.3869176,0.9326056,-2.70587,2.7688189,-4.602089,1.1512287,-2.73547,1.1979182,1.7114046,1
12.388787,3.398895,-10.381575,-4.758079,9.519034,-7.6861677,3.633043,1.8934652,-3.6577,-3.7907405,5.188702,0.7604446,4.0168653,-0.54809296,-0.2574454,-1.0100002,-0.060049165,-7.72666,-4.7912984,-7.1450214,-4.669322,0.4420169,-2.1433055,-1.5300026,-5.2269764,0.6141056,5.155787,-3.7120748,-0.14901963,-2.672564,-0.30085364,1.9444823,-2.5033422,-2.961685,-4.402373,2.2874405,-0.12567931,-2.2631214,4.106954,4.825013,-0.96726257,-1.4996796,-5.282135,-2.2689373,-3.2376597,1.9477267,1.5243659,3.5603106,1.1594323,0.9588822,1
17.823717,4.933758,2.237192,-8.189816,10.603735,-8.026587,-6.438026,1.2830641,-8.574071,-6.758827,-0.62475413,5.277481,-1.6493654,-1.5693451,3.0397797,3.6700246,3.9514189,-4.8820662,5.901983,-5.034172,-0.6424942,0.4004733,3.7809684,-7.6454773,-2.368688,3.9393873,-3.8692722,0.37547898,0.4222656,-4.581319,-2.1031358,3.841611,-3.2509353,1.220384,-5.9702125,-5.693968,2.9632623,6.3127,3.4492707,0.33280003,1.1038109,-6.8360276,-5.2627215,-1.7191436,-1.5883294,-3.6582994,5.804025,2.553918,-1.8431824,-2.4351773,1
-3.95394,-14.917941,-6.2039604,-8.409819,-1.0461302,-18.100847,2.9077482,-8.951279,-1.73015,-0.03669314,-5.776718,8.64303,-6.5056233,-0.40061218,-1.5817249,-7.004272,6.641,-0.25721696,-5.1519966,1.2496139,9.6772,0.79942685,-4.0491595,-1.9287983,8.444679,1.7031897,1.298581,4.343843,9.969211,6.1679707,-0.2417933,-0.36785546,-1.9384018,-2.3275907,2.5548131,5.6602845,1.4181113,-1.2692161,-2.9884944,0.73056555,-1.4724088,3.8465192,-1.0085577,-5.2748566,-0.38181248,-2.657898,1.2082045,2.656447,-1.0361296,-2.7610576,1
-14.206924,-13.223283,3.8439257,8.974723,7.5722103,-3.3131044,-7.172919,-1.5871332,-2.8273985,-1.3751098,5.2207437,4.1821966,1.7425572,-0.10731519,-3.374467,-0.42893913,-0.8933078,-1.1818773,1.1927162,0.22322921,0.6945047,-4.203117,1.9193565,-1.513844,2.6407108,-2.1663775,0.015077455,-1.4234712,-2.0269144,-5.388817,-0.4913313,-3.3506289,-0.20101374,-2.7640584,2.0417607,0.9660366,-0.41367376,3.2775655,-2.47627,-0.25280508,3.6304462,5.2994585,2.020345,-2.771692,-0.9415719,-0.7517665,-0.858628,-0.48716927,0.5974721,-1.765527,1
-11.922032,-9.169683,-11.3001995,-10.135185,-4.8371735,-0.21542686,-1.3000032,-1.742058,-4.7236843,-0.12765056,0.99437135,-6.5273223,-0.8093634,-4.4583397,1.4935638,3.8105397,9.076557,2.0440733,4.946332,4.0238724,-1.2627848,2.7172012,2.7856658,-3.7868602,-0.11446524,-2.0815296,4.5906677,-1.2179383,-0.70407,0.63764346,-1.1538708,1.652789,5.37433,0.4444223,-1.062819,-0.5479802,1.6473434,1.4851072,-2.424206,1.9540799,-1.0512863,0.3320397,-1.6315093,5.432274,-3.3441532,-1.3247559,-0.9651025,2.5754235,-2.125711,-3.251228,1
25.8662,6.3271055,-4.7757144,-9.664191,9.912117,-3.865233,3.2672946,-1.132626,-3.2612338,1.626646,6.3220997,10.648125,-6.647222,-1.7296712,7.1878996,-1.1060234,-3.0814645,-3.5386813,-4.3715744,-0.72655964,6.01007,4.650187,4.499453,-3.873728,0.08432056,6.0149126,3.3030818,-5.5524936,-5.6558895,-0.5952998,1.41033,-12.704603,-7.4703245,5.5869446,-8.675165,5.135898,5.8266835,-0.23652448,-1.7061477,4.1160564,0.4535591,-8.563078,1.3082479,-6.315374,3.0110698,6.305198,-1.2478241,7.0108423,0.5020263,0.41225037,1
-0.2877465,-10.127777,4.416016,-9.192395,-7.242645,16.10897,-7.053322,-3.1736057,1.7499455,-4.564627,0.2003247,11.570989,11.150122,9.200986,11.616079,2.3436058,-1.8297685,1.7121121,10.024378,0.645137,-1.5595939,-8.437999,9.336953,3.2164707,-1.6964747,7.151635,1.4642147,2.5947378,-0.6028909,5.5975437,2.010525,4.6435804,1.1813493,-2.291071,-7.4907165,-0.11670461,2.6935534,-4.1596427,6.648904,-3.3253798,2.3645544,6.5362606,-0.5993715,7.0530524,1.6856247,2.0683599,-3.985441,1.1960123,-2.1896493,2.8031995,1
0.18931462,-6.784657,5.123397,9.126247,-0.0046461704,4.8115015,-10.484862,8.692952,5.1498976,-4.0596147,-1.5721512,-1.2681967,4.88227,3.7957141,2.278474,-8.024276,-1.3768194,-0.055190608,6.644467,-0.44572982,-2.2557485,2.006399,1.9647331,-0.15115093,1.7288425,-1.4422371,7.2932,-0.924406,-1.3393269,-3.2765,2.916996,2.1114488,-4.324952,4.23153,1.5091592,0.93397224,2.3784726,1.6900247,-3.6470544,-2.3939254,-0.04172539,-1.9127475,-2.3622677,-3.2079277,4.4174237,2.2039406,-1.5565956,3.8452113,-5.2170925,-0.7892441,1
2.0622435,-6.9153924,-16.115019,-6.968113,-3.4860942,-5.2259035,1.0235587,-1.014347,2.3723352,-0.9162201,1.8443694,-4.9591646,0.93722236,-1.0721768,14.508473,0.54126745,-10.070258,-0.6763026,-0.040597722,1.9890771,-4.5421786,2.1378846,1.8109672,1.9088646,-0.021955198,-3.4125595,-1.781407,6.4531693,7.1631117,0.8140315,5.2761416,1.4409791,0.5537456,-4.7524643,1.5074507,1.759266,3.8599997,2.404591,2.3797026,-4.1554413,-2.3364472,3.8760366,2.099975,4.0514903,0.24246019,0.64300686,2.469934,2.7791288,1.1569216,-0.58222276,1
1.8697495,-10.084645,-2.67195,-3.8668442,8.842254,-3.9868207,6.5172553,-10.75474,0.35320947,-2.6493063,5.6572924,5.3489933,7.8109083,-2.5643594,-1.8365353,-0.14623562,2.0140157,11.498999,-3.2606452,-3.7766182,-0.93099177,3.2474835,1.0085973,3.3775387,3.0471456,-2.1315372,-0.94261867,3.0451465,-1.1704224,6.104409,0.24698704,0.14189516,-2.8327968,-0.0749019,-1.0330129,1.3010159,0.27891478,1.7967788,-5.4254007,-0.1614123,0.54462636,2.963272,-4.282184,-5.2877297,0.680467,3.5360231,-2.918529,-0.8471637,-0.7396512,0.64923376,1
-10.819058,-6.3651414,6.142289,11.624651,-2.3020926,-5.726064,-17.878504,-6.7517414,2.230077,-4.492879,6.5193977,5.543963,9.22964,10.3714,-2.4398277,-2.4805734,-2.6969075,-5.171426,-0.9577245,-1.1762923,-4.882662,3.2017999,7.9228883,3.8568087,-0.63907313,-3.607798,4.0410686,5.3233786,3.0586708,-1.9041325,2.9135175,-3.1584072,-2.5281184,2.0896614,-0.9490411,-4.397385,-3.6035519,4.4609056,-4.443438,5.078005,9.461019,3.802704,-2.310241,-4.8378696,-1.7692975,0.793872,-1.0185261,2.0737915,4.149328,-0.33693734,1
19.199507,15.351768,1.9760408,4.785168,3.595719,-7.092215,-12.101788,-1.8635114,1.9089127,4.5370817,27.5156,5.193659,-10.464049,-1.5147091,7.530917,10.051811,9.295998,-9.899707,7.0469656,6.5043797,-11.26738,-1.4958996,-4.0241623,0.47432917,12.9749365,-5.7703004,-4.1830287,-5.4733987,10.343642,6.0761223,-6.0660133,2.4068198,-9.404403,-2.134198,13.843744,1.9201347,-4.382275,-6.286026,1.8354839,-10.792592,5.375421,2.6848302,4.4684553,-0.26238796,-2.530946,-2.7915363,-6.6756244,-5.3693743,3.3881469,1.8186922,1
13.537466,-12.527017,5.3733654,0.47185493,-18.765654,-5.0345025,2.5215282,-13.797735,-8.408454,-3.387314,0.20362666,-2.3246398,4.2091413,5.0069604,3.684579,-2.0836883,2.2167473,-5.600336,-3.4316585,-8.056111,-0.13329233,-5.095497,-7.2958074,-2.1394892,2.7308025,6.119929,6.9528437,-1.9995651,0.20630771,5.48127,-10.720003,5.110984,-1.516573,-5.9565225,-0.5225423,-5.123653,1.989512,1.5259142,-1.7327058,0.235068,-0.9535415,-1.7179636,3.3364668,4.1944866,3.328253,0.5717966,-0.087588064,-5.3320513,-2.9339094,-4.734219,1
-12.212955,-10.2734995,12.481642,6.571922,4.4429784,0.091229744,-7.825509,-0.16979747,-1.6876527,-11.434239,4.0608034,1.9167801,7.9619293,5.0220666,-3.6290736,-1.4517158,-3.6676328,-6.271119,-0.87815785,-1.0511144,-2.1944883,0.3008373,3.4737377,2.556799,1.1028736,-3.6702774,-0.73962814,5.250018,1.2664428,-5.339922,2.1822808,-2.1275454,1.9528922,1.1916754,-3.3839293,2.3437498,-0.45768237,3.63972,-0.982201,-0.18173084,3.1934752,-2.0153,-0.07281862,-1.832322,-1.0140423,0.812289,-0.115477465,0.0050568515,2.366192,2.346843,1
-11.885941,-9.764451,7.8481274,-1.493802,-2.0225194,-12.168121,-5.46561,-3.4981155,-3.4287312,0.7088811,-1.0566639,0.90389174,-1.5453501,-5.197957,-3.4386156,2.2251353,0.37280682,-1.1457676,-3.5746553,-5.3775463,0.6750929,0.08368826,4.5378447,-3.5145972,-3.2512865,-10.004082,6.285348,3.2730196,-4.9441586,1.2350525,-0.010598655,2.2854338,-0.57191885,-1.5438833,3.0381558,-0.38197246,-2.957118,-1.5944641,0.007785929,0.9476524,-2.9546616,0.28020394,3.5780172,1.8347312,-2.0997255,-0.6065341,-1.5348356,-0.8956023,-1.200553,-2.415227,1
2.8327346,-12.537781,1.69749,8.593057,-13.000445,1.6030943,-5.307308,-9.55105,-2.5391521,-5.7725124,-4.219792,0.9976593,-2.3784215,-2.453475,4.4963393,3.0143769,0.015204085,-0.68635494,0.22506112,1.5937979,1.3937862,2.615917,1.4087971,-4.9634013,1.0917176,3.0477512,2.918485,-4.05968,-0.254752,-1.2980701,-2.4433968,4.75229,-0.14765295,-0.9768928,2.1710625,-5.168723,-6.3587813,-0.37380427,-4.059257,0.86432177,-1.4548827,-5.3003016,3.6471035,-3.50437,-1.8683836,-3.751863,0.3041006,-3.698066,-4.3727274,-0.8759252,1
15.544092,-7.4327836,-9.647399,-2.8323388,-6.230134,-3.277339,-1.1931691,12.0736065,-0.466945,8.348859,10.573044,-2.518329,6.1776233,-4.402605,-0.6986163,-1.4029137,2.036769,-1.5145926,0.27642983,-1.9681638,-2.297682,4.7185144,-2.3384297,-2.2668839,-1.6400294,1.3817025,-4.916956,4.081725,1.931045,5.279796,-0.26637787,-2.7892988,-3.1486313,10.081266,4.209802,0.89180326,10.6311655,-2.2329595,-2.4604306,-6.85976,1.2398971,1.8047103,0.39693707,-3.1844435,2.4177957,-2.31596,-5.862912,-1.6882739,0.5234407,-5.2169204,1
16.697594,5.2462363,12.489645,6.873605,-8.229143,-1.9530169,-7.0210814,5.697959,-7.3932886,-2.3708086,0.81115496,-3.3289113,4.1197205,11.314285,7.5784707,-10.77982,3.0139713,-0.99366426,7.3349924,-4.5229306,2.3759131,12.1957855,9.415956,-1.9192013,8.291616,8.720205,2.1811118,0.80615944,4.2045555,3.641743,4.680588,5.8050003,0.8917839,-6.5250525,0.35543734,7.771019,6.9263873,2.5989592,-2.0026057,7.7588925,-0.48779973,8.593219,-1.3136222,-3.35258,-1.0037506,4.392155,-5.0106983,5.0023084,2.1065602,3.6480744,1
6.2799206,-11.331373,-4.8448753,-1.8069441,-7.9255233,1.6786401,-5.3036485,-4.3243175,3.101895,-5.7288127,-2.222582,7.0354013,-0.86594504,-13.586792,4.7092476,2.5831597,-4.2765465,-4.320605,-0.92733455,3.8957229,-4.2971983,-8.126956,4.1848416,-5.6543403,2.2078702,17.128382,1.9232802,7.3078103,3.3162956,2.7798207,-3.4724903,-2.9813883,3.452702,0.8042773,-1.506189,2.4416714,-5.4216013,0.83052933,1.9044544,-0.89842856,1.8062148,4.8618755,-2.047728,3.2422144,-3.7489576,-10.754383,-0.4569773,10.724333,-10.02485,-3.9581394,1
15.388595,0.17335024,-12.2545,-2.354053,-5.705591,-5.6901345,5.765336,1.9163136,-4.8546867,4.0279737,3.6067312,-1.1301936,4.4412413,1.8451673,-3.247713,-1.5294881,-1.7932771,-2.7188957,-3.1150773,-3.690491,-2.5329554,-0.2788789,2.026076,-2.7967167,-5.1041265,5.8506866,0.64655364,-0.6235837,-0.47654164,-6.1279206,0.18394244,1.9427779,2.3036015,3.6249843,-3.3292415,0.79014367,-3.6485047,-8.0283,0.6101679,2.5019653,0.8300891,-5.0411844,-0.37641016,-6.7190104,-1.3850086,2.3573487,3.274285,-2.1154807,4.8730707,4.5595875,1
0.48753458,12.494383,-6.784959,6.8165836,9.765318,-5.3300166,-0.08322121,1.6267203,-2.7364943,-4.525704,-2.761375,-1.3069197,-3.282543,2.3630807,2.8473914,5.399773,-7.3614907,1.847966,3.5425043,1.4365501,-1.5832037,2.2800007,-1.870095,2.4545221,3.0787015,-0.53152,-0.3239283,2.2790394,-1.4638053,7.0544977,-3.8772824,-4.473175,4.7006264,2.4143727,-2.3074903,-1.6845238,2.3960757,1.5366595,-0.8492657,2.5711534,1.1497545,-1.4215553,-0.20129445,2.4729302,-2.380349,-3.4064894,1.7014446,0.4419193,0.00267019,4.1515265,1
5.344151,-4.0803995,3.2188745,9.461582,-5.723997,2.5673559,11.731988,-11.014682,-3.9058056,-2.3212879,3.7122927,-6.4628744,2.8202848,-1.6734319,10.400672,-1.4077923,0.8708838,-6.2872305,3.0006332,-5.602505,-2.0486436,-0.22382824,-4.5679626,4.929485,-0.45963505,-4.658719,4.10917,-1.1547412,3.1286342,5.9981165,-3.577578,-1.1135037,3.8840396,-0.40656373,3.2472746,1.8751491,-3.634839,8.433907,1.4987717,-1.9408,-2.9222589,-8.790993,-4.491212,3.7599072,9.335096,6.7388024,0.8607102,2.352694,-3.522699,5.1744843,1
-9.936625,-10.176233,8.523516,-6.6546426,-13.226938,-10.158873,-10.606791,-3.6355515,-1.4116687,2.0199075,-5.608199,-2.2645617,-8.916687,-11.194871,-5.0091166,-2.4096253,8.305279,-4.9218965,4.767036,-6.745337,4.4898896,-0.23642097,-0.068506435,3.9952838,-4.9114795,-11.027219,-0.27162993,5.403377,-7.271711,7.552379,-0.34016725,0.9120467,-3.7372231,-2.0730426,-7.718739,0.8544126,-2.4522314,-0.19242944,2.6321087,5.520375,0.7061963,1.4558613,0.1998847,3.9923184,1.9541005,1.148565,-6.181231,-1.5018017,0.104533456,-7.534648,1
0.6106592,0.31531128,-4.3506823,9.838839,1.5365422,-0.8854884,0.96796656,8.037379,-7.646628,-3.1342087,-4.867134,-3.0085282,-4.5025287,-0.58026993,-2.080825,3.8266835,2.0665946,4.3158064,-0.34422135,3.4751341,-4.0105844,1.6585495,1.794748,2.103864,-3.8869462,-0.20557868,-0.36498055,3.4994233,0.73129755,-2.2446053,-0.12959032,-1.2170523,-4.6831565,-2.8363945,1.150163,-0.54193556,0.16925545,-2.2774134,1.2285742,4.1108,-0.49824208,1.053307,-2.8190205,2.6369855,-2.0945952,0.688062,2.112322,-0.49636394,0.56138986,-1.5797421,1
6.9636035,-15.677878,-7.358629,6.258924,-11.270005,1.4033264,-1.1219659,-1.188514,4.609601,-1.8634143,-2.532533,-1.2861916,-0.80466545,-8.997682,7.81451,6.8966165,3.2424612,3.4748938,2.2500527,3.41687,0.53985906,-0.25131854,-3.290559,-2.6815228,-4.7133145,0.7544176,-3.9076746,-1.3607804,1.0319678,-2.3929029,1.3591423,-0.89820296,-3.092782,0.78276604,0.7911689,-2.151397,4.045593,2.5027783,4.353352,-2.715139,1.3030698,0.9387396,-0.45163015,-3.22616,-3.1742723,2.2729232,-0.50437146,5.2966065,-5.179859,-3.6446338,1
9.530383,-10.765712,-14.105113,-3.111919,-0.16340992,1.6510948,-0.9228359,-3.6523104,1.2221941,2.482181,-4.2715535,1.9491044,-0.1406509,-5.2606764,3.2993317,1.7083004,6.939637,3.1441534,-11.130019,3.3025374,-1.0447289,3.9946096,2.192981,-0.87794787,1.0951773,-0.23764884,-6.809515,-3.0888917,7.737668,-4.136879,-0.30194902,2.9559495,-0.42213473,-1.395145,3.7156706,0.39354613,2.2302597,0.07012337,1.8387511,1.7859813,3.7374456,-2.2942986,-0.8209939,-3.3034809,-4.4193516,-0.7658338,1.0418365,1.0118114,-4.017218,1.957001,1
-3.0256634,4.862942,-7.291151,-2.2330797,0.6584934,-6.562835,1.4293929,2.365451,-1.2701647,0.8898978,-6.381365,2.2630143,4.092966,1.9888421,-0.82722634,9.9438505,1.1121516,-1.3775015,0.18144171,0.9405817,-4.5966415,2.2651205,1.3576622,-4.536488,0.99600303,-0.5763721,2.5933318,1.2299839,-7.1211724,-1.1653366,0.93440205,2.1617365,-0.34528518,-0.8041703,3.0913782,1.5047297,4.064449,-2.0262837,-0.96869385,0.7773662,0.90050393,-0.2012817,2.812401,-1.3210466,-2.5098577,-2.2922158,3.605573,-1.4669921,-2.4245574,1.5226924,1
13.205536,-11.604553,-1.6729795,3.8499603,-8.29922,-16.340359,9.199984,1.0833697,2.7012732,-4.2451677,-2.4004657,-6.263762,4.2876143,7.5548806,-5.0926332,-2.936463,11.859369,-3.635811,-2.3161333,-1.4364018,-1.9224929,3.749866,-9.277673,-3.4816365,-3.706033,0.080290675,0.1263376,0.9469535,0.70320624,0.3262627,2.195408,-1.9517703,4.221108,0.8670476,3.1644697,0.60827005,-2.0751452,4.1554227,0.14068429,-0.055610865,-2.096138,-0.25698316,1.293397,2.4411573,-5.7513742,-0.8739101,-2.7950006,-1.0669736,8.331986,0.38988042,1
15.384771,-3.5460668,-10.734703,-8.315084,1.9633555,-1.2471299,-3.24701,4.1225266,5.030384,-1.1633296,-5.636487,1.400175,-0.794268,-6.242464,4.568466,-5.0123982,-8.486273,-9.502025,-6.9193845,-2.6135755,-3.026036,0.77678776,3.9769814,4.5800266,-0.18806596,-2.434007,-0.420295,-5.003266,-2.657805,1.2395089,-0.43984863,-1.2338663,4.579451,-4.610915,0.7733886,-0.27593857,-3.8798485,-0.7171845,5.702641,-3.684102,-2.0132694,1.6263063,-3.6627522,-4.800632,0.7310453,-1.0923418,-5.4860373,-6.1792946,2.3371449,-2.4459383,1
12.243476,-18.812494,-0.13037159,12.094728,-15.46635,-2.1173759,15.9699955,-9.245056,-1.3144131,-3.7687638,-8.551328,-3.427437,0.86719793,2.9668255,1.3627926,-10.77287,1.8300201,-13.453865,-2.3276315,-2.8312917,-5.183124,-2.7675295,-8.202601,2.9189572,4.685818,5.0562143,-0.79272294,-4.1750097,-2.6649027,6.497502,-0.53567815,-4.246136,15.5812025,3.1375103,8.497142,-5.301942,3.13307,4.3791895,-5.2338862,-2.9395127,-6.1770253,-1.7158027,0.13971174,-2.092615,0.9895166,-8.198845,-3.5371368,-5.095426,1.144659,2.8852549,1
5.0807557,6.0318623,4.181634,2.7266402,8.142366,-7.137085,-4.639356,2.5073571,-1.0716269,-6.12377,-4.239522,-2.553424,1.4477663,-3.6929142,-6.9856906,2.4623811,6.4511433,-2.7437983,4.261686,-0.09398721,-0.821977,1.1743078,-0.7581766,-2.5083292,2.4075496,-0.9818758,-0.4794694,-0.5946467,2.3433442,-1.9842705,3.9303586,8.41879,-0.3310164,2.6285453,2.220098,-0.53118664,5.0327816,-2.1409795,-3.552367,-4.8308473,-0.7653546,-1.6408479,2.928127,1.295523,0.9132564,0.30786294,1.4224427,1.1161035,-4.0664105,0.5812397,1
-4.1437182,11.066553,-2.168987,7.018142,3.1650412,4.547666,-0.45594695,4.795989,-3.0094826,-1.4156934,-5.739387,1.6902093,-1.8783427,2.9574537,-5.1197324,-0.89437205,-6.55877,-2.232606,-3.838196,-3.581426,-2.3101387,1.1019673,2.6988559,4.4537535,-2.1328707,-0.08102103,0.7887314,-0.4443675,2.5688336,7.9201164,-0.41700366,8.438285,-0.6119035,0.65062267,-0.51995444,-0.9276162,-1.3931625,-2.8781664,-4.688,0.85744745,1.3141478,0.7518745,1.0585122,3.1089041,-3.6592438,4.568748,2.151939,0.007442481,-3.250248,-0.75445414,1
5.3424144,8.230174,-2.6481524,-2.4703836,2.8613608,3.0512037,-16.636091,15.104951,5.9624023,7.4177547,-0.75680315,-1.8338468,-3.1380966,7.266577,1.3418791,-4.8284297,-1.7473972,-3.3536541,0.44257128,2.835325,-2.4960577,1.744379,-7.858413,-3.7257602,5.094844,1.9628271,4.072659,-0.9605356,0.6250362,6.218398,-3.9817755,2.5560038,4.6936483,-6.130804,-4.85139,7.9861426,-13.194831,5.534382,2.3938086,-3.6503506,2.0376656,-2.15434,1.6717839,-5.950411,-0.08411303,3.9982195,4.8408847,-4.9311175,-3.6586576,-5.565293,1
1.7493153,-10.81712,-14.858752,-4.0143175,-5.87185,-3.6897976,0.9123463,-2.4199595,2.6082757,-1.2676351,-2.31396,0.35703838,4.1374507,-1.7773827,12.018153,1.5671753,-7.735239,3.8927863,-2.0210474,0.5399175,-2.8800495,2.5868125,-1.1266946,-0.18165404,0.43117952,-4.6230216,-0.32307968,1.7339665,4.2551513,-4.4430494,-2.378862,2.740802,-3.0763693,-1.6599325,0.26097006,-3.8808837,3.6103766,-1.4258043,0.7880652,-4.4510846,1.3124168,1.0766542,2.3122213,-0.6411437,-4.2158637,4.699596,0.539369,5.769744,2.7197425,-0.4872151,1
15.734554,3.6773822,2.607557,7.649819,2.1982694,-8.964639,-0.065361604,1.0032632,1.9968979,6.906719,6.3101425,6.4650426,-0.72950596,4.534739,-6.99628,-0.13358419,10.885792,2.4424741,-3.8884754,4.835389,-3.6300783,-8.368597,0.1821039,-8.818126,1.7959243,4.243592,-7.3675222,4.565596,6.374779,-2.4263787,0.38739967,2.9292266,0.2597697,5.669506,-0.8922611,3.1570435,-1.6502829,7.393326,-1.431275,-0.19549596,-6.7129493,0.43179062,1.2736306,5.1689615,1.5496107,2.9255395,0.35102475,0.085467055,0.6755372,0.15090531,1
